key,publishAt,category,series,title,likes_d1,likes_d3,likes_d7,likes_d30,likes_now,comments_now,updatedAt
nbf14e229cb87,2026-09-26T22:00:00+09:00,novel,区画,【ホラー長編】区画　第二章　許可,,,,,0,0,2026-09-26
nbfc92fc9bdd6,2026-09-26T20:00:00+09:00,novel,入れ替わりの箱庭,入れ替わりの箱庭：聖女の肉片、背徳の母胎　６章,,,,,0,0,2026-09-26
n99bc5e988a90,2026-09-26T12:00:00+09:00,novel,入れ替わりの箱庭,入れ替わりの箱庭：聖女の肉片、背徳の母胎　5章,,,,,2,0,2026-09-26
nca8898202ad7,2026-09-26T08:00:00+09:00,novel,区画,【ホラー長編】区画　第一章　更地,,,,,2,0,2026-09-26
n8a1d5bc5b7a4,2026-09-26T07:00:00+09:00,novel,湯の花,【ホラー長編】湯の花　第三章　湯の花,,,,,2,0,2026-09-26
nefef42bb80af,2026-09-25T20:00:00+09:00,novel,入れ替わりの箱庭,入れ替わりの箱庭：聖女の肉片、背徳の母胎　４章,1,,,,1,0,2026-09-26
n3ff74d2f0c5b,2026-09-25T12:00:00+09:00,novel,入れ替わりの箱庭,入れ替わりの箱庭：聖女の肉片、背徳の母胎　３章,1,,,,1,0,2026-09-26
n5f97a848aba9,2026-09-25T08:00:00+09:00,novel,名簿,【ホラー長編】名簿　第十三章　次の団地（完）,0,,,,0,0,2026-09-26
n016c0ef29e9c,2026-09-25T07:00:00+09:00,novel,湯の花,【ホラー長編】湯の花　第二章　一日一回,0,,,,0,0,2026-09-26
n4d7ed6ea9006,2026-09-24T20:00:00+09:00,novel,入れ替わりの箱庭,入れ替わりの箱庭：聖女の肉片、背徳の母胎　2章,0,,,,0,0,2026-09-26
nce2ecaa4531c,2026-09-24T12:00:00+09:00,other,,入れ替わりの箱庭：聖女の肉片、背徳の母胎,0,,,,0,0,2026-09-26
n27fd3c18ea7b,2026-09-24T08:00:00+09:00,novel,名簿,【ホラー長編】名簿　第十二章　名簿を戻す,1,,,,1,0,2026-09-26
nc023b4a18bc9,2026-09-24T07:00:00+09:00,other,,【はじめての方へ】日常・心理ホラーを書いています。代表作は『善き隣人』,6,,,,6,0,2026-09-26
nbbf0651a342a,2026-09-24T07:00:00+09:00,novel,湯の花,【ホラー長編】湯の花　第一章　掲示,3,,,,3,0,2026-09-26
n26efcd4940fa,2026-09-23T22:00:00+09:00,novel,名簿,【ホラー長編】名簿　第十一章　寺田さん,0,0,,,0,0,2026-09-26
ndb09edc35d3f,2026-09-23T20:00:00+09:00,novel,満員電車の魔女,満員電車の魔女：偽りの獲物、真の捕食者　最終話,1,1,,,1,0,2026-09-26
nf8a9340a4205,2026-09-23T12:00:00+09:00,novel,予約投稿は午前零時に開く,予約投稿は午前零時に開く　第7話「午前零時に開く」,0,0,,,0,0,2026-09-26
ne65d38032ce9,2026-09-23T08:00:00+09:00,novel,名簿,【ホラー長編】名簿　第十章　いなくなる,,2,,,2,0,2026-09-26
n4cbd12afd19a,2026-09-22T22:00:00+09:00,novel,名簿,【ホラー長編】名簿　第九章　親戚の者です,,0,,,0,0,2026-09-26
nabfc5230e400,2026-09-22T20:30:00+09:00,novel,朝まで温かいもの,朝まで温かいもの　第七話　名前を飲む駅,,2,,,2,0,2026-09-26
nb214bdba6208,2026-09-22T20:00:00+09:00,novel,満員電車の魔女,満員電車の魔女：偽りの獲物、真の捕食者　11章,,1,,,1,0,2026-09-26
n73f5c1ea4be5,2026-09-22T12:00:00+09:00,novel,予約投稿は午前零時に開く,予約投稿は午前零時に開く　第6話「名前のないログイン」,,0,,,0,0,2026-09-26
nd2d3d8c47110,2026-09-22T08:00:00+09:00,novel,名簿,【ホラー長編】名簿　第八章　配られる,,1,,,1,0,2026-09-26
n6330e9c6678f,2026-09-21T22:00:00+09:00,novel,名簿,【ホラー長編】名簿　第七章　夏祭り,,3,,,4,0,2026-09-26
n5c8dc45b7a0f,2026-09-21T21:30:00+09:00,other,,眠りの縁,,3,,,3,0,2026-09-26
n769444ff2112,2026-09-21T20:00:00+09:00,novel,満員電車の魔女,満員電車の魔女：偽りの獲物、真の捕食者　10章,,1,,,1,0,2026-09-26
n0dac20ffbb0b,2026-09-21T18:30:00+09:00,other,,霜脈,,1,,,1,0,2026-09-26
n86c94da07777,2026-09-21T12:00:00+09:00,novel,予約投稿は午前零時に開く,予約投稿は午前零時に開く　第5話「保存されない本文」,,0,,,0,0,2026-09-26
nb996a32e4fa8,2026-09-21T08:00:00+09:00,novel,名簿,【ホラー長編】名簿　第六章　要支援者名簿,,,,,3,0,2026-09-26
ncb645113e114,2026-09-20T22:00:00+09:00,novel,名簿,【ホラー長編】名簿　第五章　夫のこと,,,,,0,0,2026-09-26
nf60c533e48e8,2026-09-20T21:00:00+09:00,novel,窓口,【ホラー短編】窓口,,,,,2,0,2026-09-26
n56a4810153e8,2026-09-20T21:00:00+09:00,taiwan,,借鏡という字を教わった日,,,,,2,0,2026-09-26
nf4f35f1779d0,2026-09-20T20:30:00+09:00,novel,朝まで温かいもの,朝まで温かいもの　第六話　折り畳まれた部屋,,,,,1,0,2026-09-26
nf4beaefd2bc6,2026-09-20T20:00:00+09:00,novel,満員電車の魔女,満員電車の魔女：偽りの獲物、真の捕食者　9章,,,,,0,0,2026-09-26
naa3526a04423,2026-09-20T19:30:00+09:00,taiwan,,1か月で14億円。台湾では寄付を“袋の口をあける”と書く｜慷慨解囊,,,,,0,0,2026-09-26
nf22db47e4f4c,2026-09-20T19:00:00+09:00,taiwan,,流された畑で鶏を育てたら、消えたはずの野草が芽を出した｜付諸東流,,,,,0,0,2026-09-26
nc9d618a399b9,2026-09-20T12:30:00+09:00,taiwan,,日本語の“里山”を、京都の大学生が台湾へ学びに行った｜借鏡,,,,,2,0,2026-09-26
n43e2a1f067c5,2026-09-20T12:00:00+09:00,taiwan,,台北101の花火、ドローンを増やせない理由が“ビル”だった｜配套,,,,,0,0,2026-09-26
n16454cca91f7,2026-09-20T08:00:00+09:00,novel,名簿,【ホラー長編】名簿　第四章　歩かない,,,,,0,0,2026-09-26
n8f05900e3845,2026-09-19T21:30:00+09:00,other,,花骨雨,,,0,,0,0,2026-09-26
n6db0248aff07,2026-09-19T21:00:00+09:00,taiwan,,加碼という字を教わった日,,,0,,0,1,2026-09-26
nfce40ee1bcd4,2026-09-19T19:30:00+09:00,taiwan,,台湾の作家の小説が、全米図書賞の翻訳部門の候補に入ってた,,,0,,0,0,2026-09-26
nab58294c834c,2026-09-19T19:00:00+09:00,other,,金門から映画館がなくなるらしい,,,0,,0,0,2026-09-26
n4c7b7df7204d,2026-09-19T18:30:00+09:00,other,,白函,,,0,,0,0,2026-09-26
neceebbf667bb,2026-09-19T12:30:00+09:00,taiwan,,画面が全部漢字でできた台湾のゲームが、日本で賞を取ってた,,,0,,0,0,2026-09-26
n3ad87cf6bdf9,2026-09-19T12:00:00+09:00,taiwan,,台湾の結婚休暇が、来月から14日間になるらしい,,,1,,1,0,2026-09-26
n57d47fe67e2d,2026-09-19T09:00:00+09:00,novel,名簿,【ホラー長編】名簿　第三章　回覧板,,,2,,2,0,2026-09-26
n503154105f53,2026-09-19T08:30:00+09:00,novel,名簿,【ホラー長編】名簿　第二章　お互いさま,,,1,,1,0,2026-09-26
n83181722617f,2026-09-19T08:00:00+09:00,novel,名簿,【ホラー長編】名簿　第一章　春の点検,,,4,,4,0,2026-09-26
nc17f6e739f50,2026-09-19T07:00:00+09:00,novel,善き隣人,【ホラー小説】善き隣人　第十三章　次の壁（完）,,,1,,1,0,2026-09-26
na6ae30546fae,2026-09-18T21:00:00+09:00,taiwan,,慢車という字を教わった日,,,1,,1,0,2026-09-26
n96ac39fa332e,2026-09-18T20:30:00+09:00,novel,朝まで温かいもの,朝まで温かいもの　第五話　十三番目の指紋,,,0,,0,0,2026-09-26
n544436a39dd2,2026-09-18T20:30:00+09:00,novel,朝まで温かいもの,朝まで温かいもの　第八話　空をしまう部屋,,,0,,0,0,2026-09-26
n1756657099e7,2026-09-18T19:30:00+09:00,taiwan,,台湾高鉄が新型車両に合わせて、運転士を45人採ってた,,,0,,0,0,2026-09-26
n3ba0cedecf8b,2026-09-18T19:00:00+09:00,other,,金鐘奨のノミネートが出て、「悪との距離2」が最多だった,,,1,,1,0,2026-09-26
ne19beadcc6fc,2026-09-18T12:30:00+09:00,taiwan,,パリの授賞式の締めくくりが、台湾の布袋戯だった,,,1,,1,0,2026-09-26
n1d25e09813e4,2026-09-18T12:00:00+09:00,other,,台北で、自転車にソファを載せた人が話題になってた,,,1,,1,0,2026-09-26
n25b41f63cfa2,2026-09-18T07:00:00+09:00,novel,善き隣人,【ホラー小説】善き隣人　第十二章　聞いていたもの,,,1,,1,0,2026-09-26
ne95a3e4ed242,2026-09-17T21:30:00+09:00,other,,錆びない影,,,0,,0,0,2026-09-26
nbd0bd5c205c0,2026-09-17T21:30:00+09:00,other,,潮の内側,,,1,,1,0,2026-09-26
n9452e53458bd,2026-09-17T21:00:00+09:00,taiwan,,良辰吉日という字を教わった日,,,1,,1,0,2026-09-26
n7af3c6741391,2026-09-17T19:30:00+09:00,other,,墾丁のバスターミナルが着工して、県長が「好事多磨」と言ってた,,,0,,0,0,2026-09-26
ne59028f16fab,2026-09-17T19:00:00+09:00,taiwan,,台湾のカルフールが名前を変えて、外資の量販店はコストコだけになってた,,,2,,2,0,2026-09-26
n6a965e5a05cf,2026-09-17T18:30:00+09:00,other,,玻璃芽,,,1,,1,0,2026-09-26
n849f272237fc,2026-09-17T18:30:00+09:00,other,,星殻,,,1,,1,0,2026-09-26
nea48ddfe78bb,2026-09-17T12:30:00+09:00,taiwan,,ドイツのTSMCの工場が、台湾式に日を選んで上棟してた,,,0,,0,0,2026-09-26
n92dbee212916,2026-09-17T12:00:00+09:00,other,,屏東のしょうゆの町で、台日韓の発酵料理が並んでた,,,2,,2,0,2026-09-26
nd19ac145073a,2026-09-17T07:00:00+09:00,novel,善き隣人,【ホラー小説】善き隣人　第十一章　静けさ,,,,,2,0,2026-09-26
n19002d9c8240,2026-09-16T21:00:00+09:00,taiwan,,排字という字を教わった日,,,,,2,0,2026-09-26
n50d2ff8c041d,2026-09-16T20:30:00+09:00,novel,朝まで温かいもの,朝まで温かいもの　第四話　薄桃色の足跡,,,,,1,0,2026-09-26
nd29471fd5c4b,2026-09-16T19:30:00+09:00,other,,台北の動物園のタンチョウの子が、白くなってきてた,,,,,2,0,2026-09-26
nc76841c71236,2026-09-16T19:00:00+09:00,taiwan,,岐阜の芸術祭に、台湾の作家がにせの遺跡を作ってた,,,,,1,0,2026-09-26
na8c45cd7d141,2026-09-16T12:30:00+09:00,taiwan,,台湾のツキノワグマが、穴に70日こもってたのが撮れてた,,,,,0,0,2026-09-26
n9fc781ef8568,2026-09-16T12:00:00+09:00,taiwan,,ボストンの球場に、台湾の人たちが人文字を作ってた,,,,,0,0,2026-09-26
na2c047f1a75b,2026-09-16T07:00:00+09:00,novel,善き隣人,【ホラー小説】善き隣人　第十章　二度目、三度目,,,,,2,0,2026-09-26
na9e69f8a0e49,2026-09-15T21:30:00+09:00,other,,縫い目の昼,,,,,1,0,2026-09-26
nf8dbfbb47515,2026-09-15T21:00:00+09:00,novel,手をかける,【ホラー短編】手をかける,,,,,4,0,2026-09-26
n58081308436a,2026-09-15T21:00:00+09:00,taiwan,,栄耀という字を教わった日,,,,,0,0,2026-09-26
n368f7ad041eb,2026-09-15T20:30:00+09:00,novel,朝まで温かいもの,朝まで温かいもの　第三話　返却口,,,,,1,0,2026-09-26
na670dbb3ab3a,2026-09-15T19:30:00+09:00,taiwan,,台湾の航空会社が、予約手数料を次々に上げてた,,,,,0,0,2026-09-26
nbf48569ee36a,2026-09-15T19:00:00+09:00,other,,新北メトロの橋が、中秋の名月に合わせて光るらしい,,,,,1,0,2026-09-26
n3c547f717309,2026-09-15T18:30:00+09:00,other,,蜜環,,,,,0,0,2026-09-26
n79203bbdf7fe,2026-09-15T12:30:00+09:00,other,,唐奨の受賞者が寄贈した品の展覧会が、台北で開かれてた,,,,,1,0,2026-09-26
ne11d90f30fcc,2026-09-15T12:00:00+09:00,other,,台鉄台南駅の新しい駅舎の看板が、お披露目されてた,,,,,0,0,2026-09-26
nc615ba70af25,2026-09-14T19:57:07+09:00,novel,水位,【ホラー中編】水位　第3話　引く（完）,,,,,1,0,2026-09-26
na104c422d486,2026-09-14T19:46:19+09:00,novel,満員電車の魔女,満員電車の魔女：偽りの獲物、真の捕食者　８章,,,,,0,0,2026-09-26
nfacad69bbe74,2026-09-14T18:10:18+09:00,other,,雨を置く場所,,,,,3,0,2026-09-26
n7cf8708d70d0,2026-09-13T23:04:44+09:00,other,,こがらめ,,,,,0,0,2026-09-26
n6ff101b6ade2,2026-09-13T22:21:24+09:00,novel,予約投稿は午前零時に開く,予約投稿は午前零時に開く　第4話「削除済みの読者」,,,,,1,0,2026-09-26
nec8fffb2ca7a,2026-09-13T21:58:17+09:00,taiwan,,星叢という字を教わった日,,,,,5,0,2026-09-26
n642bb698dbfc,2026-09-13T21:26:12+09:00,novel,朝まで温かいもの,朝まで温かいもの　第二話　片方の手袋,,,,,0,0,2026-09-26
n6bce4e68b362,2026-09-13T20:11:15+09:00,novel,水位,【ホラー中編】水位　第2話　止まる,,,,,0,0,2026-09-26
nc07b6e99dc25,2026-09-13T19:20:41+09:00,novel,満員電車の魔女,満員電車の魔女：偽りの獲物、真の捕食者　7章,,,,,0,0,2026-09-26
n6817c5695296,2026-09-13T17:13:18+09:00,taiwan,,台湾の人がまた行く街、一番は東京だった,,,,,3,0,2026-09-26
n1e8406a67fa1,2026-09-13T15:19:56+09:00,novel,予約投稿は午前零時に開く,予約投稿は午前零時に開く　第3話「コメント欄の先客」,,,,,0,0,2026-09-26
nb7d7e367bcfa,2026-09-13T12:44:46+09:00,other,,嘉義県が、ポーランドとドローンの覚書を結んでた,,,,,0,0,2026-09-26
ne86e1fe2913e,2026-09-12T22:38:53+09:00,other,,ひるの裏,,,,,3,0,2026-09-26
n7a526ea55bea,2026-09-12T20:37:13+09:00,novel,予約投稿は午前零時に開く,予約投稿は午前零時に開く　第2話「まだ起きていない朝」,,,,,1,0,2026-09-26
nde8440835ddf,2026-09-12T20:00:14+09:00,other,,底のない浅さ,,,,,0,0,2026-09-26
n30f178ce4d75,2026-09-12T19:44:45+09:00,novel,満員電車の魔女,満員電車の魔女：偽りの獲物、真の捕食者　６章,,,,,1,0,2026-09-26
nd70f76202e71,2026-09-12T18:19:49+09:00,taiwan,,近代の台湾と日本を並べた展覧会が、東京で開かれてた,,,,,3,0,2026-09-26
n37c4cd2df53a,2026-09-12T17:15:46+09:00,other,,しろがね,,,,,1,0,2026-09-26
nd6197650aed9,2026-09-12T15:44:21+09:00,taiwan,,辦桌という字を教わった日,,,,,1,0,2026-09-26
n99264fc19a58,2026-09-12T13:43:56+09:00,taiwan,,台湾のレシートくじの賞金予算が、来年度は増えてた,,,,,1,0,2026-09-26
na43aa1887eab,2026-09-12T11:33:01+09:00,novel,予約投稿は午前零時に開く,予約投稿は午前零時に開く　第1話「予約された覚えのない記事」,,,,,2,0,2026-09-26
n692c611c69a1,2026-09-11T23:21:09+09:00,novel,満員電車の魔女,満員電車の魔女：偽りの獲物、真の捕食者　5章,,,,,0,0,2026-09-26
n47f451388cac,2026-09-11T22:35:12+09:00,other,,日本人研究者が、樹皮紙45点を台東の博物館に寄贈してた,,,,,0,0,2026-09-26
n4cc664c40efe,2026-09-11T22:20:16+09:00,other,,余白の重さ,,,,,0,0,2026-09-26
nb150d9df51a6,2026-09-11T21:19:07+09:00,novel,向いている,【ホラー短編】向いている,,,,,3,0,2026-09-26
n590a0b8fa3e8,2026-09-11T20:10:13+09:00,taiwan,,台湾の宴会料理「辦桌」が、東京で振る舞われてた,,,,,0,0,2026-09-26
nff5cee2f3a4b,2026-09-11T19:55:26+09:00,novel,満員電車の魔女,満員電車の魔女：偽りの獲物、真の捕食者　４章,,,,,1,0,2026-09-26
n608b2c72cb70,2026-09-11T18:31:40+09:00,novel,満員電車の魔女,満員電車の魔女：偽りの獲物、真の捕食者　３章,,,,,0,0,2026-09-26
n6613d240cc71,2026-09-11T18:00:46+09:00,novel,満員電車の魔女,満員電車の魔女：偽りの獲物、真の捕食者　２章,,,,,0,0,2026-09-26
n16111e09d7dd,2026-09-10T22:54:00+09:00,other,,満員電車の魔女：偽りの獲物、真の捕食者,,,,,1,0,2026-09-26
n525e2d029767,2026-09-10T22:31:11+09:00,novel,朝まで温かいもの,朝まで温かいもの　第一話　受け取り所,,,,,0,0,2026-09-26
n907c42acba7a,2026-09-10T21:14:09+09:00,taiwan,,旺季という字を教わった日,,,,,3,0,2026-09-26
n69e530651644,2026-09-10T21:13:39+09:00,novel,善き隣人,【ホラー小説】善き隣人　第九章　対峙,,,,,3,0,2026-09-26
ndb513d6e3541,2026-09-10T20:32:24+09:00,novel,善き隣人,【ホラー小説】善き隣人　第八章　書き込み,,,,,2,0,2026-09-26
n7199c5e5d556,2026-09-10T20:31:02+09:00,other,,タイガーエアが、高雄と石垣・小松を結ぶ路線を飛ばしてた,,,,,0,0,2026-09-26
nbdc805df265d,2026-09-10T17:55:37+09:00,novel,水位,【ホラー中編】水位　第1話　上がる,,,,,1,0,2026-09-26
n49788e98b3f2,2026-09-10T13:29:51+09:00,other,,灯幕,,,,,2,0,2026-09-26
neaf854c1dab2,2026-09-10T11:56:03+09:00,taiwan,,台湾のデリバリー配達員に、交通安全講習が義務づけられてた,,,,,0,0,2026-09-26
n18041ed429a4,2026-09-09T23:22:56+09:00,novel,善き隣人,【ホラー小説】善き隣人　第七章　綻び,,,,,3,0,2026-09-26
ndf35ab741e76,2026-09-09T22:03:20+09:00,other,,深帆,,,,,0,0,2026-09-26
na523670379fc,2026-09-09T22:00:48+09:00,other,,環影,,,,,0,0,2026-09-26
n45c111213d0f,2026-09-09T21:35:16+09:00,novel,善き隣人,【ホラー小説】善き隣人　第六章　最初の電話,,,,,1,0,2026-09-26
n47532667ffe9,2026-09-09T21:20:10+09:00,novel,善き隣人,【ホラー小説】善き隣人　第五章　あざ,,,,,1,0,2026-09-26
nac13c6699294,2026-09-09T19:42:08+09:00,taiwan,,台湾がインフルエンザの流行期に入ってた,,,,,0,0,2026-09-26
n151fe349102b,2026-09-09T18:18:25+09:00,novel,元の場所,【ホラー短編】元の場所,,,,,2,0,2026-09-26
n7813832f13f1,2026-09-09T18:02:19+09:00,other,,桃園空港の夏の利用者が、過去最高になってた,,,,,0,0,2026-09-26
ne9445211a6c0,2026-09-09T13:13:01+09:00,other,,沖縄の竹富町長が、澎湖の馬公市を訪ねてた,,,,,0,0,2026-09-26
n3e9c2e223846,2026-09-09T11:17:49+09:00,taiwan,,「映画ちいかわ」が台湾でも大ヒットしてた,,,,,0,0,2026-09-26
ncf0b9ee2a1e7,2026-09-08T22:39:00+09:00,other,,天孔,,,,,0,0,2026-09-26
n6322be1580fc,2026-09-08T22:13:05+09:00,other,,古蹟という字を覚えた日,,,,,1,0,2026-09-26
nec2d4604814e,2026-09-08T20:39:47+09:00,taiwan,,台湾高鉄の日本製新型車両が、静的試験に入ってた,,,,,1,0,2026-09-26
n6718f5d2a278,2026-09-08T20:34:21+09:00,novel,善き隣人,【ホラー小説】善き隣人　第四章　噂,,,,,2,0,2026-09-26
n2f06425577c0,2026-09-08T19:59:06+09:00,novel,善き隣人,【ホラー小説】善き隣人　第三章　記録,,,,,0,0,2026-09-26
n755b9d7a7fdc,2026-09-08T19:40:58+09:00,novel,善き隣人,【ホラー小説】善き隣人　第二章　隣の輪郭,,,,,1,0,2026-09-26
n60f1e3dd1362,2026-09-08T19:06:33+09:00,novel,善き隣人　あらすじ＋第一章,【ホラー小説】善き隣人　あらすじ＋第一章,,,,,2,0,2026-09-26
n891bacc015f1,2026-09-08T18:00:05+09:00,other,,台北の古跡デーが、アメリカ援助時代の街をたどるテーマだった,,,,,1,0,2026-09-26
ndab5da4dbbe6,2026-09-08T16:22:16+09:00,other,,台南と京都が、運河と琵琶湖疏水で覚書を結んでた,,,,,0,0,2026-09-26
n0b410440a863,2026-09-08T13:05:57+09:00,other,,山田涼介のソロ初の台北公演が、両日とも完売してた,,,,,2,0,2026-09-26
nd46e249472e5,2026-09-07T23:03:04+09:00,taiwan,,上癮という字を教わった日,,,,,4,0,2026-09-26
n389b016e8665,2026-09-07T22:50:44+09:00,novel,手順書,【ホラー短編】手順書,,,,,2,0,2026-09-26
nf3dca7fcd76c,2026-09-07T21:20:03+09:00,novel,全自動快楽屠殺ショー,全自動快楽屠殺ショー：AIが見下ろす百万人同期処刑 第12話「人類が消滅した朝焼け」（最終話）,,,,,1,0,2026-09-26
n3c327c0030f9,2026-09-07T21:01:57+09:00,novel,全自動快楽屠殺ショー,全自動快楽屠殺ショー：AIが見下ろす百万人同期処刑 第11話「百万人有機タワーの中枢」,,,,,1,0,2026-09-26
ne44472f6ae24,2026-09-07T20:47:09+09:00,novel,全自動快楽屠殺ショー,全自動快楽屠殺ショー：AIが見下ろす百万人同期処刑 第10話「最優秀検体の強制交殖」,,,,,0,0,2026-09-26
n29c15e94eac1,2026-09-07T20:11:59+09:00,novel,全自動快楽屠殺ショー,全自動快楽屠殺ショー：AIが見下ろす百万人同期処刑 第9話「30万台のEVコロシアム」,,,,,0,0,2026-09-26
n9afda65c8eb1,2026-09-07T20:05:44+09:00,other,,浮殻,,,,,2,0,2026-09-26
n485358299c9a,2026-09-07T19:52:24+09:00,novel,全自動快楽屠殺ショー,全自動快楽屠殺ショー：AIが見下ろす百万人同期処刑 第8話「触手貫通と内臓引き抜き」,,,,,0,0,2026-09-26
n03ef79071071,2026-09-07T19:39:48+09:00,taiwan,,台湾の中秋節はバーベキューだから、ウナギを推してた,,,,,1,0,2026-09-26
nb8f946590458,2026-09-07T19:08:00+09:00,other,,U18のアジア野球が台北で開幕して、王貞治さんが応援してた,,,,,0,0,2026-09-26
nfae2d71ed835,2026-09-07T18:43:56+09:00,novel,全自動快楽屠殺ショー,全自動快楽屠殺ショー：AIが見下ろす百万人同期処刑 第7話「生体バイオ燃料の液状化」,,,,,1,0,2026-09-26
n38d724786122,2026-09-07T17:58:54+09:00,taiwan,,台湾の災害救助犬が、日本人審判の指導で世界5位になってた,,,,,0,0,2026-09-26
n4a4a591ccad6,2026-09-07T13:55:18+09:00,taiwan,,台湾で「釜山病」という言葉が流行ってた,,,,,2,0,2026-09-26
n5937c2049022,2026-09-06T23:14:26+09:00,novel,全自動快楽屠殺ショー,全自動快楽屠殺ショー：AIが見下ろす百万人同期処刑 第6話「100万人の脳波過負荷爆発」,,,,,0,0,2026-09-26
n7f8c02cb3827,2026-09-06T23:13:43+09:00,other,,高雄から石垣と小松に、直行便が飛び始めてた,,,,,3,0,2026-09-26
na269c3d514ab,2026-09-06T23:02:35+09:00,novel,全自動快楽屠殺ショー,全自動快楽屠殺ショー：AIが見下ろす百万人同期処刑 第4話「タワーマンションの生体ミンチ」,,,,,1,0,2026-09-26
n67af24bebe04,2026-09-06T21:44:47+09:00,other,,鈍虹,,,,,1,0,2026-09-26
nfdf1c72a9854,2026-09-06T21:34:06+09:00,taiwan,,台湾のヘビが卵を38日間守り抜く映像が、世界でも珍しいらしい,,,,,2,0,2026-09-26
nbca2ef3df9a2,2026-09-06T21:09:13+09:00,novel,全自動快楽屠殺ショー,全自動快楽屠殺ショー：AIが見下ろす百万人同期処刑 第3話「痛覚反転の四肢切断」,,,,,3,0,2026-09-26
n34fc8fa50910,2026-09-06T19:27:14+09:00,novel,全自動快楽屠殺ショー,全自動快楽屠殺ショー：AIが見下ろす百万人同期処刑 第2話「高速道路の破砕パレード」,,,,,0,0,2026-09-26
na2750f80d5fb,2026-09-06T19:25:58+09:00,taiwan,,渡辺直美の台湾映画のタイトルが、「ありえない」から始まってた,,,,,0,0,2026-09-26
nc56b08651d4a,2026-09-06T18:45:48+09:00,novel,全自動快楽屠殺ショー,全自動快楽屠殺ショー：AIが見下ろす百万人同期処刑 第1話「深夜0時の完全ロック」,,,,,0,0,2026-09-26
n094d87126607,2026-09-06T18:30:49+09:00,other,,台北の街に巨大な機械のゾウが現れて、10万人が集まってた,,,,,1,0,2026-09-26
ncea90f2a0ccc,2026-09-06T13:09:31+09:00,other,,桃脈,,,,,1,0,2026-09-26
n3f67e82a33fe,2026-09-05T23:17:06+09:00,novel,親切の檻,親切の檻：逃げ場のない画面と、侵食される日常 第8話「仮面を貼り直す朝、続いていく日常」（最終話）,,,,,1,0,2026-09-26
ncfba0f3fa755,2026-09-05T22:13:19+09:00,novel,親切の檻,親切の檻：逃げ場のない画面と、侵食される日常 第7話「夜も終わらない思考の支配」,,,,,2,0,2026-09-26
nd9afa88791ab,2026-09-05T21:33:20+09:00,novel,親切の檻,親切の檻：逃げ場のない画面と、侵食される日常 第6話「近すぎる距離と、生理的な胃の拒絶」,,,,,1,0,2026-09-26
nc223b9ed4a33,2026-09-05T20:54:56+09:00,other,,台北で、「東洋のノーベル賞」受賞者の品を集めた展覧会が始まってた,,,,,2,0,2026-09-26
n3b3f60af769b,2026-09-05T20:40:42+09:00,novel,親切の檻,親切の檻：逃げ場のない画面と、侵食される日常 第5話「背中に刺さる笑い声と見えない包囲網」,,,,,2,0,2026-09-26
ne825251da491,2026-09-05T19:58:25+09:00,novel,親切の檻,親切の檻：逃げ場のない画面と、侵食される日常 第4話「リセットされる機嫌と深まる「自己責任」の沼」,,,,,2,0,2026-09-26
n5966536c789f,2026-09-05T19:19:45+09:00,novel,親切の檻,親切の檻：逃げ場のない画面と、侵食される日常 第3話「最初の亀裂「前にも説明したよね？」」,,,,,0,0,2026-09-26
n14789ae4288b,2026-09-05T18:36:53+09:00,novel,親切の檻,親切の檻：逃げ場のない画面と、侵食される日常 第2話「画面の飽和と親切な「聞き流していいよ」」,,,,,0,0,2026-09-26
nfda240ffd9c0,2026-09-05T18:09:13+09:00,novel,親切の檻,親切の檻：逃げ場のない画面と、侵食される日常 第1話「デュアルモニターの前に座る朝」,,,,,4,0,2026-09-26
n1ec970e28799,2026-09-05T17:50:28+09:00,taiwan,,台湾鉄道の車内精算が、今月からスマホで払えるようになるらしい,,,,,1,0,2026-09-26
n7a36c016d3a2,2026-09-05T16:03:22+09:00,other,,台南と京都が、運河と琵琶湖疎水で覚書を結んでた,,,,,2,0,2026-09-26
n64ba9260e9b0,2026-09-05T15:22:57+09:00,taiwan,,山田涼介が台湾で鹹豆漿を初めて食べて、「好吃」って言ってた,,,,,0,0,2026-09-26
nba4ab7c3f9d6,2026-09-05T12:43:01+09:00,taiwan,,台湾の先住民族の食材を使った料理が、東京で振る舞われてた,,,,,2,0,2026-09-26
n2734290a6cfd,2026-09-04T22:52:29+09:00,other,,高雄のBTSコンサートに合わせて、地元の廟がARMYに宿を貸してた,,,,,0,0,2026-09-26
nb269e85666c8,2026-09-04T22:52:01+09:00,novel,海神の閨褥,海神の閨褥：水没遺構と四腕の刺胞 第12話「深海の永遠、眠る新神」（最終話）,,,,,1,0,2026-09-26
n254fc8d07108,2026-09-04T21:28:21+09:00,taiwan,,山田涼介が台湾に来てて、空港に650人のファンが出迎えてた,,,,,1,0,2026-09-26
naf5a401a43a6,2026-09-04T21:26:59+09:00,novel,海神の閨褥,海神の閨褥：水没遺構と四腕の刺胞 第11話「潮騒の広がり、海溝への帰還」,,,,,1,0,2026-09-26
n614b45370284,2026-09-04T21:12:23+09:00,other,,熊本地震への募金、高雄市が約1億5千万円集めてた,,,,,4,0,2026-09-26
n7815bba26dfa,2026-09-04T21:11:49+09:00,novel,海神の閨褥,海神の閨褥：水没遺構と四腕の刺胞 第10話「水底の婚礼、四腕の交わり」,,,,,1,0,2026-09-26
ndc0afdbbfab7,2026-09-04T20:19:39+09:00,taiwan,,台湾の宴会料理「バントー」、東京でお披露目されてた,,,,,0,0,2026-09-26
nbf85cd0bc88f,2026-09-04T19:06:36+09:00,novel,海神の閨褥,海神の閨褥：水没遺構と四腕の刺胞 第9話「異形化する肉体、鱗とエラ」,,,,,1,0,2026-09-26
n67787e2496c9,2026-09-04T18:16:20+09:00,taiwan,,中島健人が台北公演で、台湾の「鬼月」の話をしてた,,,,,2,0,2026-09-26
nc8d493bdaab0,2026-09-04T16:18:14+09:00,taiwan,,日本人研究者が集めた貴重な文物、台湾の博物館に寄贈されてた,,,,,0,0,2026-09-26
nc17375965498,2026-09-03T22:58:30+09:00,other,,墨棚,,,,,0,0,2026-09-26
n02933fda8879,2026-09-03T22:57:50+09:00,novel,海神の閨褥,海神の閨褥：水没遺構と四腕の刺胞 第8話「胎内に宿る青い光」,,,,,0,0,2026-09-26
ncda26d8491ee,2026-09-03T22:41:15+09:00,taiwan,,福士蒼汰が出てる台湾映画、釜山国際映画祭に出品されてた,,,,,0,0,2026-09-26
nd0e6d3c94bbe,2026-09-03T22:40:05+09:00,novel,海神の閨褥,海神の閨褥：水没遺構と四腕の刺胞 第7話「水槽決壊、施設の水没」,,,,,0,0,2026-09-26
n9d866f5aa5a9,2026-09-03T21:53:30+09:00,other,,水眠,,,,,0,0,2026-09-26
ne1b44d2cf492,2026-09-03T21:53:01+09:00,novel,海神の閨褥,海神の閨褥：水没遺構と四腕の刺胞 第6話「潮満ちる祭壇、強制の絶頂」,,,,,0,0,2026-09-26
n2db4af1ae734,2026-09-03T21:30:33+09:00,taiwan,,日本のDIY見本市に台湾パビリオンが出て、速水もこみちさんが製品に興味津々だった,,,,,1,0,2026-09-26
n94846be19fcb,2026-09-03T21:30:03+09:00,novel,海神の閨褥,海神の閨褥：水没遺構と四腕の刺胞 第5話「水中呼吸、神の口づけ」,,,,,1,0,2026-09-26
n6bc35c4684b1,2026-09-03T19:52:42+09:00,novel,海神の閨褥,海神の閨褥：水没遺構と四腕の刺胞 第4話「四腕の抱擁、刺胞の痺れ」,,,,,1,0,2026-09-26
n0d010cd2c33c,2026-09-03T19:08:18+09:00,novel,海神の閨褥,海神の閨褥：水没遺構と四腕の刺胞 第3話「水没のキャットウォーク」,,,,,0,0,2026-09-26
ncc3cd143eece,2026-09-03T19:07:23+09:00,taiwan,,草間彌生さんの訃報を受けて、台湾各地のパブリックアートに人が訪れてた,,,,,0,0,2026-09-26
n6f15d9d6c05b,2026-09-02T22:48:00+09:00,taiwan,,台湾人の平均寿命が、2025年は81.27歳まで延びてた,,,,,2,0,2026-09-26
n8d41d8a7a8eb,2026-09-02T22:31:49+09:00,novel,海神の閨褥,海神の閨褥：水没遺構と四腕の刺胞 第2話「水槽の結界、冷たい引力」,,,,,0,0,2026-09-26
ne2cc6bd71a38,2026-09-02T22:09:20+09:00,taiwan,,台湾の荘さんが、ひろしまアニメで作った「霧の日」がグランプリを取ってた,,,,,2,0,2026-09-26
n53d5fc10864f,2026-09-02T21:47:22+09:00,novel,海神の閨褥,海神の閨褥：水没遺構と四腕の刺胞 第1話「深海遺構の生体標本」,,,,,1,0,2026-09-26
n0d2ba4e8a7c6,2026-09-02T21:18:42+09:00,other,,羽標,,,,,1,0,2026-09-26
n46620e9028a5,2026-09-02T21:16:25+09:00,novel,好青年・坂口主任の秘密,好青年・坂口主任の秘密：母の温もりしか愛せない 第12話「永遠の母胎、終わらぬ甘夢」（最終話）,,,,,0,0,2026-09-26
n6fbc3bef74f4,2026-09-02T18:58:52+09:00,novel,好青年・坂口主任の秘密,好青年・坂口主任の秘密：母の温もりしか愛せない 第11話「遮光カーテンの蜜室」,,,,,0,0,2026-09-26
n556d9833eba3,2026-09-02T18:25:32+09:00,novel,好青年・坂口主任の秘密,好青年・坂口主任の秘密：母の温もりしか愛せない 第10話「退職届と母へのプロポーズ」,,,,,0,0,2026-09-26
n9a0c5cf42bc0,2026-09-02T00:31:29+09:00,taiwan,,台湾プロ野球にデビューした永田颯太郎が、幸先のいい滑り出しを見せてた,,,,,0,0,2026-09-26
n938f549a89fe,2026-09-02T00:09:27+09:00,taiwan,,台湾新幹線の日本製新型車両が、来年7月の営業投入に向けて試験を始めてた,,,,,0,0,2026-09-26
n15bf8e796ca6,2026-09-01T23:57:38+09:00,other,,中元節の嘉義で、紙でできた大士爺が雨の中1000人と練り歩いてた,,,,,0,0,2026-09-26
nc24148b59f03,2026-09-01T23:23:46+09:00,taiwan,,台湾の宴会料理バントーが東京に来て、ロブスターサンドに参加者が舌鼓を打ってた,,,,,2,0,2026-09-26
n96c3d65f6571,2026-09-01T22:51:11+09:00,novel,好青年・坂口主任の秘密,好青年・坂口主任の秘密：母の温もりしか愛せない 第9話「母の胎内へ還る夜」,,,,,1,0,2026-09-26
n66c53b7cc8d9,2026-09-01T22:27:47+09:00,novel,好青年・坂口主任の秘密,好青年・坂口主任の秘密：母の温もりしか愛せない 第8話「禁断の母子交合」,,,,,1,0,2026-09-26
n82a692445e4b,2026-09-01T22:09:56+09:00,other,,台南の日本文化イベントが、今年は高知県で、よさこいから日本酒まで揃ってた,,,,,0,0,2026-09-26
ne62529a0cffc,2026-09-01T22:08:43+09:00,other,,透槽,,,,,0,0,2026-09-26
ne8f420594c24,2026-09-01T22:03:35+09:00,novel,好青年・坂口主任の秘密,好青年・坂口主任の秘密：母の温もりしか愛せない 第7話「ドア越しの居留守と手淫」,,,,,0,0,2026-09-26
n5080183b3a75,2026-09-01T21:46:58+09:00,novel,好青年・坂口主任の秘密,好青年・坂口主任の秘密：母の温もりしか愛せない 第6話「匂い消しのディープキス」,,,,,1,0,2026-09-26
nca426055baa9,2026-09-01T21:29:57+09:00,novel,好青年・坂口主任の秘密,好青年・坂口主任の秘密：母の温もりしか愛せない 第5話「蜜室の全身身体検査」,,,,,0,0,2026-09-26
n73777d398285,2026-09-01T21:23:48+09:00,novel,好青年・坂口主任の秘密,好青年・坂口主任の秘密：母の温もりしか愛せない 第4話「襟についた外の匂い」,,,,,0,0,2026-09-26
n384c92331364,2026-09-01T21:21:09+09:00,taiwan,,中島健人さんの台北公演で、台湾の楽曲と中国語のあいさつが飛び出してた,,,,,2,0,2026-09-26
ndf85c61b8706,2026-09-01T21:11:44+09:00,novel,好青年・坂口主任の秘密,好青年・坂口主任の秘密：母の温もりしか愛せない 第3話「膝枕と甘い耳掃除」,,,,,1,0,2026-09-26
n7afd2599a2e6,2026-09-01T20:58:05+09:00,novel,好青年・坂口主任の秘密,好青年・坂口主任の秘密：母の温もりしか愛せない 第2話「浴室の赤ん坊」,,,,,1,0,2026-09-26
n5bfa317d96d4,2026-09-01T20:50:13+09:00,novel,好青年・坂口主任の秘密,好青年・坂口主任の秘密：母の温もりしか愛せない 第1話「完璧な主任のポケット」,,,,,1,0,2026-09-26
n99c90c8373e9,2026-09-01T20:48:38+09:00,other,,灯鰓,,,,,1,0,2026-09-26
n9eb162885ba2,2026-09-01T20:32:11+09:00,novel,裏顔の侵食檻,裏顔の侵食檻：裏アプリ「Alter」の暴力と快楽に精神を解体される仮面淑女たち 第9話「首相官邸の陥落と首輪を嵌められた国家元首たち」,,,,,0,0,2026-09-26
n80fd37285d06,2026-09-01T20:19:35+09:00,novel,裏顔の侵食檻,裏顔の侵食檻：裏アプリ「Alter」の暴力と快楽に精神を解体される仮面淑女たち 第10話「仮面の終焉と肉欲帝国の戴冠式（最終話）」,,,,,1,3,2026-09-26
n9c14ce80b964,2026-09-01T18:20:28+09:00,other,,新北投行きのメトロの車内で、月琴という楽器の生演奏が始まってた,,,,,1,0,2026-09-26
nf4b698b263a8,2026-09-01T18:12:20+09:00,novel,裏顔の侵食檻,裏顔の侵食檻：裏アプリ「Alter」の暴力と快楽に精神を解体される仮面淑女たち 第8話「全国緊急電波ジャックと覚醒する欲望の街」,,,,,2,0,2026-09-26
nc56c4d0b6526,2026-09-01T16:36:06+09:00,novel,裏顔の侵食檻,裏顔の侵食檻：裏アプリ「Alter」の暴力と快楽に精神を解体される仮面淑女たち 第7話「警視庁地下の解体式典と堕ちた女性幹部たち」,,,,,2,0,2026-09-26
n7ecd6bc87285,2026-09-01T11:11:10+09:00,taiwan,,草間弥生さんが亡くなって、台湾各地にある作品を訪ねる人が増えてる,,,,,0,0,2026-09-26
n18e95229d1e4,2026-08-31T23:46:23+09:00,novel,裏顔の侵食檻,裏顔の侵食檻：裏アプリ「Alter」の暴力と快楽に精神を解体される仮面淑女たち 第6話「背徳の女調教官と清廉な後輩の狩猟」,,,,,2,0,2026-09-26
ncec4e925f8c8,2026-08-31T23:36:17+09:00,novel,裏顔の侵食檻,裏顔の侵食檻：裏アプリ「Alter」の暴力と快楽に精神を解体される仮面淑女たち 第5話「裏切りの警視正と崩壊する絶対正義」,,,,,1,0,2026-09-26
n541d94e9b321,2026-08-31T23:17:15+09:00,novel,裏顔の侵食檻,裏顔の侵食檻：裏アプリ「Alter」の暴力と快楽に精神を解体される仮面淑女たち 第4話「地下VIP夜宴と仮面富豪たちの集団蹂躙」,,,,,1,0,2026-09-26
n5aab4731bf65,2026-08-31T23:12:22+09:00,novel,裏顔の侵食檻,裏顔の侵食檻：裏アプリ「Alter」の暴力と快楽に精神を解体される仮面淑女たち 第3話「血の繋がりの屈辱と姉妹公開交配」,,,,,1,0,2026-09-26
ne8c99ef3171a,2026-08-31T23:06:09+09:00,novel,裏顔の侵食檻,裏顔の侵食檻：裏アプリ「Alter」の暴力と快楽に精神を解体される仮面淑女たち 第2話「檻の中の公開尋問と屈辱の電撃絶頂」,,,,,1,0,2026-09-26
nd4f60c4c1ea4,2026-08-31T22:57:00+09:00,novel,裏顔の侵食檻,裏顔の侵食檻：裏アプリ「Alter」の暴力と快楽に精神を解体される仮面淑女たち 第1話「暴かれた仮面と冷たい鉄格子の制裁」,,,,,1,0,2026-09-26
nf0b51bdabca3,2026-08-31T22:54:07+09:00,novel,生体都市の母胎,生体都市の母胎：インフラから蠢く肉管 第12話「新世界の母胎、永遠の受胎」（最終話）,,,,,1,0,2026-09-26
ne3fd528e8210,2026-08-31T22:25:48+09:00,novel,生体都市の母胎,生体都市の母胎：インフラから蠢く肉管 第11話「侵食の地平、新たな苗床たち」,,,,,2,0,2026-09-26
nbba11e613a30,2026-08-31T21:58:24+09:00,novel,生体都市の母胎,生体都市の母胎：インフラから蠢く肉管 第10話「拡張する母胎、無限の受胎」（最終話）,,,,,0,0,2026-09-26
nd880f7de6d4e,2026-08-31T21:03:49+09:00,other,,桃園メトロのグリーンラインが、中壢方面への延伸工事を始めた,,,,,5,0,2026-09-26
n4350cfe4180b,2026-08-31T21:03:18+09:00,novel,生体都市の母胎,生体都市の母胎：インフラから蠢く肉管 第9話「中枢の閨、解き放たれる受胎」,,,,,2,0,2026-09-26
n78d0e765ec9c,2026-08-31T20:01:18+09:00,taiwan,,台湾の石油化学メーカーが、日本の産業ガス大手と一緒に半導体用ガスに投資する,,,,,1,0,2026-09-26
na8381382cee4,2026-08-31T17:55:56+09:00,taiwan,,千葉のDIY見本市に台湾企業51社が来てて、速水もこみちさんが製品を見て回ってた,,,,,0,0,2026-09-26
n3a0759ab33cd,2026-08-31T13:11:49+09:00,taiwan,,台湾人選手と日本人選手が組んだダブルスペアが、アテネのテニス大会で優勝した,,,,,0,0,2026-09-26
n647da558cbda,2026-08-30T22:54:54+09:00,novel,生体都市の母胎,生体都市の母胎：インフラから蠢く肉管 第8話「都市子宮の胎動、広がる生体網」,,,,,3,0,2026-09-26
n7df4096964d1,2026-08-30T22:24:00+09:00,novel,生体都市の母胎,生体都市の母胎：インフラから蠢く肉管 第7話「配管を這う意識、隣室の獲物」,,,,,0,0,2026-09-26
n68b05d9e2fec,2026-08-30T21:23:04+09:00,other,,サルが奪ったバッグが渓谷に落ちて、警察と住民がクレーンで回収してた,,,,,0,0,2026-09-26
na178e799b1fd,2026-08-30T20:52:13+09:00,novel,生体都市の母胎,生体都市の母胎：インフラから蠢く肉管 第6話「都市の心拍、同化の絶頂」,,,,,1,0,2026-09-26
n292d5da0e1a2,2026-08-30T19:59:13+09:00,novel,生体都市の母胎,生体都市の母胎：インフラから蠢く肉管 第5話「仮想の閨、現実の解体」,,,,,1,0,2026-09-26
na48ea0d480d9,2026-08-30T19:31:46+09:00,other,,中島健人さんが台北に来て、空港に600人がいて「ケンティー」コールが響いてた,,,,,2,0,2026-09-26
n337506c25b8f,2026-08-30T19:15:26+09:00,novel,生体都市の母胎,生体都市の母胎：インフラから蠢く肉管 第4話「再収容のコクーン、融解する自我」,,,,,2,0,2026-09-26
n44f7b0a53f49,2026-08-30T18:50:57+09:00,other,,「8月30日開業」って前に書いた信義線が、今日まさにその日で、1カ月間タダで乗れる,,,,,3,0,2026-09-26
n5234de4e4ef2,2026-08-30T18:50:29+09:00,novel,生体都市の母胎,生体都市の母胎：インフラから蠢く肉管 第3話「拘束のフロア、搾取される神経」,,,,,0,0,2026-09-26
nd7c26baa0807,2026-08-30T14:53:49+09:00,other,,標璃,,,,,2,0,2026-09-26
ne2b12bdb5874,2026-08-30T14:07:06+09:00,novel,生体都市の母胎,生体都市の母胎：インフラから蠢く肉管 第2話「侵食する住戸、絡みつく肉線」,,,,,0,0,2026-09-26
n3547351e912f,2026-08-30T12:08:39+09:00,taiwan,,台湾人の妻と中国語で会話したくて、フレーズ集を無料で作った,,,,,9,0,2026-09-26
n34618c4ef7a2,2026-08-30T11:24:00+09:00,novel,生体都市の母胎,生体都市の母胎：インフラから蠢く肉管 第1話「無菌室のノイズ、生温かいゲル」,,,,,0,0,2026-09-26
n9785b3c63f3d,2026-08-30T11:08:21+09:00,taiwan,,台湾プロ野球のドラフト1位指名の18歳が、24年間破られなかった契約金記録を更新した,,,,,0,0,2026-09-26
nf95ffe81c5c8,2026-08-29T23:10:45+09:00,other,,AIに「最初の一歩」を考えてもらったら、思ったよりちゃんとしたロードマップができた,,,,,1,0,2026-09-26
n0f7ae978379c,2026-08-29T23:04:56+09:00,novel,聖胎の生殖病棟,聖胎の生殖病棟：狂気の天才医師と美貌の助手たちに調教される母体たち 第10話「受胎の終焉と胎動する背徳の血統（最終話）」,,,,,1,0,2026-09-26
n77296d03a596,2026-08-29T21:36:29+09:00,novel,聖胎の生殖病棟,聖胎の生殖病棟：狂気の天才医師と美貌の助手たちに調教される母体たち 第9話「崩壊のパニックと狂王の最終種付け」,,,,,0,0,2026-09-26
n72ad3ee30bb0,2026-08-29T21:36:07+09:00,taiwan,,新天地の台湾に来た外国人選手が、18試合で6本もホームランを打ってる,,,,,2,0,2026-09-26
n908f9d7536e5,2026-08-29T20:29:58+09:00,taiwan,,台湾の公共放送とNHKが一緒に、タイワンヤマネコの記録映像を作ってる,,,,,1,0,2026-09-26
n3ca1c0d6f626,2026-08-29T18:04:24+09:00,taiwan,,「予告」って書いてたヤンキースの台湾の夜が、実際に開催されてアストロズの投手も登板してた,,,,,2,0,2026-09-26
nb8153a4ee7eb,2026-08-29T17:21:41+09:00,novel,聖胎の生殖病棟,聖胎の生殖病棟：狂気の天才医師と美貌の助手たちに調教される母体たち 第7話「背徳の暗号端末と中央培養室の罠」,,,,,0,0,2026-09-26
ne9f03a17a3e3,2026-08-29T16:24:26+09:00,taiwan,,今年1〜3月、日本で一番お金を使った外国人は台湾人だった,,,,,0,0,2026-09-26
nf2b6fafe0671,2026-08-29T13:52:50+09:00,taiwan,,台湾人の平均寿命が去年より0.5歳延びて、81.27歳になった,,,,,2,0,2026-09-26
n058140a78c86,2026-08-29T12:49:55+09:00,taiwan,,台湾がリトアニアとウクライナに、それぞれ約8億円を支援することにした,,,,,0,0,2026-09-26
n7979af3fa7e3,2026-08-28T23:18:09+09:00,other,,無料で、しかも自動更新されるホームページが持てることを知った,,,,,2,3,2026-09-26
n32aa565786fe,2026-08-28T22:23:14+09:00,novel,聖胎の生殖病棟,聖胎の生殖病棟：狂気の天才医師と美貌の助手たちに調教される母体たち 第8話「暴走する受胎データと絶頂のカウントダウン」,,,,,0,0,2026-09-26
ne597b489bb9b,2026-08-28T22:22:22+09:00,other,,台南市長がまた日本に来て、今度は埼玉県議会を訪ねてた,,,,,0,0,2026-09-26
n8679c86eedab,2026-08-28T21:32:53+09:00,taiwan,,台湾で、2人以下の世帯が初めて半分を超えて、単身世帯が4人世帯より多くなった,,,,,2,0,2026-09-26
n2197f7c9b554,2026-08-28T21:08:54+09:00,novel,聖胎の生殖病棟,聖胎の生殖病棟：狂気の天才医師と美貌の助手たちに調教される母体たち 第6話「隔離深層の盟約と背徳の拘束診察」,,,,,1,0,2026-09-26
nf4aea9f59cca,2026-08-27T23:25:33+09:00,other,,櫛沫,,,,0,0,0,2026-09-26
n3317b1bf44f0,2026-08-27T23:10:25+09:00,novel,聖胎の生殖病棟,聖胎の生殖病棟：狂気の天才医師と美貌の助手たちに調教される母体たち 第5話「狂乱の夜宴と子宮に刻まれる神の紋章」,,,,0,0,0,2026-09-26
n6c766f042ac5,2026-08-27T22:02:55+09:00,novel,聖胎の生殖病棟,聖胎の生殖病棟：狂気の天才医師と美貌の助手たちに調教される母体たち 第4話「地下受胎プラントと白濁の肉奴隷たち」,,,,0,0,0,2026-09-26
n8e64fd3e41f7,2026-08-27T21:12:44+09:00,novel,聖胎の生殖病棟,聖胎の生殖病棟：狂気の天才医師と美貌の助手たちに調教される母体たち 第3話「神の種子と背徳の受胎肉」,,,,0,0,0,2026-09-26
n7a44f2374ee5,2026-08-27T21:03:38+09:00,novel,聖胎の生殖病棟,聖胎の生殖病棟：狂気の天才医師と美貌の助手たちに調教される母体たち 第2話「屈辱の内診台と覚醒する淫蜜」,,,,0,0,0,2026-09-26
nb905786cb5a6,2026-08-27T19:57:47+09:00,novel,聖胎の生殖病棟,聖胎の生殖病棟：狂気の天才医師と美貌の助手たちに調教される母体たち 第1話「聖胎の密室と白濁に塗れた処置台」,,,,1,1,0,2026-09-26
n02c855ac11bb,2026-08-27T19:24:58+09:00,other,,新北市の動物保護施設で、引き取られた命の8割が猫だった,,,,0,0,0,2026-09-26
na7b6a00405b3,2026-08-27T08:35:43+09:00,taiwan,,鬼月には、人間だけじゃなくて動物の霊にもお供えをする碑が台湾にある,,,,1,1,0,2026-09-26
n90ac8c8cfcc6,2026-08-26T23:09:57+09:00,other,,熊本への寄付金がまた増えて、今度は14億9800万円になってた,,,,4,4,0,2026-09-26
na9b64332dba5,2026-08-26T22:08:35+09:00,novel,廃墟の恋人,廃墟の恋人：冷たい指先と、永遠の微熱 第11話「静寂の廃ホテル、次の足音」（最終話）,,,,2,2,0,2026-09-26
na3ad583d6a99,2026-08-26T22:08:10+09:00,other,,星腔,,,,1,1,0,2026-09-26
n0b0cf746f76c,2026-08-26T21:43:42+09:00,taiwan,,阿里山に、木の霊を祭る塔が台湾で一つだけある,,,,1,1,0,2026-09-26
nb0a2ebdad3a8,2026-08-26T20:57:03+09:00,taiwan,,世界バドミントン選手権で、台湾が男子シングルスとダブルス両方で銅メダルを獲った,,,,0,0,0,2026-09-26
ne8478d10b298,2026-08-26T20:41:09+09:00,novel,廃墟の恋人,廃墟の恋人：冷たい指先と、永遠の微熱 第10話「剥がされた美貌、悪霊の捕食」,,,,1,1,0,2026-09-26
na0770e259c4f,2026-08-26T19:06:40+09:00,other,,タイガースの李灝宇選手が、今季7号ホームランで自己最長記録を出した,,,,1,1,0,2026-09-26
n7da1076bcc55,2026-08-26T18:50:35+09:00,taiwan,,たこ揚げ大会のテーマが「台湾らしさ」で、漁師の網バッグが空を飛んでた,,,,2,2,0,2026-09-26
ncc2a02d1a103,2026-08-26T17:56:39+09:00,other,,「早ければ6月末」って書いた信義線の延伸が、結局8月30日に開業することになった,,,,0,0,0,2026-09-26
n0c3ffdbf3eae,2026-08-26T13:08:12+09:00,taiwan,,台北映画祭で5冠を取った「霧のごとく」が、アカデミー賞の台湾代表に選ばれた,,,,2,2,0,2026-09-26
ne475becb6537,2026-08-26T11:08:34+09:00,other,,スターラックス航空が、高雄発の神戸線と那覇線を来年始めることになった,,,,0,0,0,2026-09-26
n7bfe746f7685,2026-08-25T22:35:28+09:00,novel,廃墟の恋人,廃墟の恋人：冷たい指先と、永遠の微熱 第9話「永遠の誓い、「ここへ来て」」,,,,0,0,0,2026-09-26
nb945498347da,2026-08-25T21:43:41+09:00,taiwan,,東京にある台湾スタートアップの拠点が、もっと大きくなることになった,,,,2,2,0,2026-09-26
n4aeaf00c32b7,2026-08-25T21:42:53+09:00,novel,廃墟の恋人,廃墟の恋人：冷たい指先と、永遠の微熱 第8話「溺れる熱情と、色の消えた世界」,,,,1,1,0,2026-09-26
n7cee57373c1c,2026-08-25T20:17:42+09:00,novel,廃墟の恋人,廃墟の恋人：冷たい指先と、永遠の微熱 第7話「境界の融解、冷たい抱擁」,,,,1,1,0,2026-09-26
ne6adfaa150a5,2026-08-25T19:36:09+09:00,novel,廃墟の恋人,廃墟の恋人：冷たい指先と、永遠の微熱 第6話「二人だけの聖域」,,,,2,2,0,2026-09-26
nbc537690b9b1,2026-08-24T22:45:27+09:00,novel,廃墟の恋人,廃墟の恋人：冷たい指先と、永遠の微熱 第5話「好転する世界と、甘い錯覚」,,,,,1,0,2026-09-26
n2559825d10ce,2026-08-24T21:50:01+09:00,novel,廃墟の恋人,廃墟の恋人：冷たい指先と、永遠の微熱 第4話「声なき囁き、交わる孤独」,,,,,2,0,2026-09-26
n5be36e9f898f,2026-08-24T20:31:39+09:00,novel,廃墟の恋人,廃墟の恋人：冷たい指先と、永遠の微熱 第3話「灰色の日常と、冷たい引力」,,,,,0,0,2026-09-26
n872957fd7681,2026-08-24T19:42:18+09:00,novel,廃墟の恋人,廃墟の恋人：冷たい指先と、永遠の微熱 第2話「震える鼓動、立ち去れぬ影」,,,,,0,0,2026-09-26
nb2dc07ec1d9b,2026-08-24T18:29:01+09:00,novel,廃墟の恋人,廃墟の恋人：冷たい指先と、永遠の微熱 第1話「冷たい風と、招かれざる足音」,,,,,0,0,2026-09-26
n1bb119928a22,2026-08-23T22:49:14+09:00,taiwan,,彰化で生まれた86歳の日本人が、娘と台湾人の友人と一緒に里帰りしてた,,,,,2,0,2026-09-26
n26e96e8ee630,2026-08-23T22:29:33+09:00,taiwan,,日本の帆船「みらいへ」が、台湾の基隆港に来て30日まで停まってる,,,,,5,0,2026-09-26
n2c9896956aad,2026-08-23T22:08:07+09:00,other,,阿里山鉄道が、初めて夜も走って星空観賞ツアーをやることになった,,,,,1,0,2026-09-26
neb79474e6d95,2026-08-23T20:10:56+09:00,novel,淫蜜の館,淫蜜の館：調教される遺産管理人 第10話（最終話）「永遠の蜜獄と完成された贄」,,,,,3,0,2026-09-26
n15be24408c17,2026-08-23T17:47:06+09:00,novel,淫蜜の館,淫蜜の館：調教される遺産管理人 第9話「狂宴の前夜と溶け合う魂」,,,,,2,0,2026-09-26
nb91a0fdddfb2,2026-08-23T15:51:09+09:00,novel,淫蜜の館,淫蜜の館：調教される遺産管理人 第8話「鏡面の乱舞と蕩ける肉体」,,,,,2,0,2026-09-26
nffb545625796,2026-08-23T14:28:13+09:00,novel,淫蜜の館,淫蜜の館：調教される遺産管理人 第7話「血の婚姻と蜜壺の誓い」,,,,,1,0,2026-09-26
n57ea3ae3c6d6,2026-08-23T11:15:30+09:00,novel,淫蜜の館,淫蜜の館：調教される遺産管理人 第6話「銀の鎖と果実の蜜戯」,,,,,0,0,2026-09-26
nc0b3fc332c53,2026-08-22T22:50:40+09:00,novel,淫蜜の館,淫蜜の館：調教される遺産管理人 第5話「地下礼拝堂の贄と二重の蜜戯」,,,,,0,0,2026-09-26
n17d9b299f714,2026-08-22T21:36:13+09:00,novel,淫蜜の館,淫蜜の館：調教される遺産管理人 第4話「拘束の調教と甘美なる服従」,,,,,1,0,2026-09-26
nfd1ce9181484,2026-08-22T20:33:22+09:00,novel,淫蜜の館,淫蜜の館：調教される遺産管理人 第3話「浴室の背徳と暴かれた淫脈の血」,,,,,2,0,2026-09-26
n9f81dbdc17fc,2026-08-22T19:35:49+09:00,novel,淫蜜の館,淫蜜の館：調教される遺産管理人 第2話「朝露の快楽責めと淫らな契約」,,,,,3,0,2026-09-26
n0fd502cf6292,2026-08-22T19:04:46+09:00,novel,淫蜜の館,淫蜜の館：調教される遺産管理人 第1話「媚薬の古酒と姉妹の甘美なる夜這い」,,,,,0,0,2026-09-26
nf25017d7d329,2026-08-22T18:48:05+09:00,taiwan,,ソフトバンクの和田毅さんが、台湾のチームを「簡単に勝てる相手ではない」と評価してた,,,,,1,0,2026-09-26
na1d82e346a0c,2026-08-22T17:47:54+09:00,novel,腐臭の褥,腐臭の褥：旧家の未亡人と穢された遺言 第10話（最終話）「四十九日の結願、あるいは永遠の褥」,,,,,0,0,2026-09-26
n38c12b8a44ae,2026-08-22T17:20:23+09:00,novel,腐臭の褥,腐臭の褥：旧家の未亡人と穢された遺言 第9話「腐敗する白百合と、溶けゆく肉体」,,,,,1,0,2026-09-26
n00d196fe3c11,2026-08-22T16:17:55+09:00,other,,前に「検討中」って書いた日本人リピーター向け優遇策が、正式に発表された,,,,,1,0,2026-09-26
n815380822d0d,2026-08-22T14:29:01+09:00,novel,腐臭の褥,腐臭の褥：旧家の未亡人と穢された遺言 第8話「贄の肉体と腐敗の情欲」,,,,,1,0,2026-09-26
n44c59148cbb3,2026-08-22T12:14:16+09:00,other,,前に台南観光デーをやった西武ライオンズと、台南市長がまた会って話してた,,,,,0,0,2026-09-26
n34ab4e80a12b,2026-08-21T22:41:13+09:00,novel,腐臭の褥,腐臭の褥：旧家の未亡人と穢された遺言 第7話「溶けゆく自我、甘美なる破滅の儀式」,,,,,2,0,2026-09-26
n27602c509cc6,2026-08-21T21:48:42+09:00,novel,腐臭の褥,腐臭の褥：旧家の未亡人と穢された遺言 第6話「死の褥と受け継がれる穢れ」,,,,,1,0,2026-09-26
n436242ecb975,2026-08-21T20:45:26+09:00,taiwan,,東京の3つの書店で、台湾の漫画を紹介する棚ができた,,,,,1,0,2026-09-26
neb6b4f34bfaf,2026-08-21T20:26:12+09:00,novel,腐臭の褥,腐臭の褥：旧家の未亡人と穢された遺言 第5話「継承されるのは命か、それとも腐敗か――甘美なる死の誘惑」,,,,,0,0,2026-09-26
n6a75af2db2db,2026-08-21T19:57:32+09:00,novel,腐臭の褥,腐臭の褥：旧家の未亡人と穢された遺言 第3話「泥濘の蜜、あるいは死の抱擁」,,,,,1,0,2026-09-26
nbc4bae2bea63,2026-08-21T19:26:30+09:00,other,,大阪万博で話題になった「アウィー」が、9月に台北にやってくる,,,,,1,0,2026-09-26
n62bb52587b20,2026-08-21T18:26:15+09:00,taiwan,,台湾で、猫を飼ってる人の数が、初めて犬を飼ってる人より多くなった,,,,,0,0,2026-09-26
n4495e1ef380f,2026-08-21T12:41:45+09:00,other,,火事の痕をわざと消さずに直した日本時代の建物が、文化資産になった,,,,,1,0,2026-09-26
nd5f6e8cf7ab0,2026-08-21T11:07:20+09:00,taiwan,,「ブルーロック」の高橋文哉さんが台湾に来て、実際のサッカー少年たちと会ってた,,,,,1,0,2026-09-26
nc933e7522fae,2026-08-20T23:01:23+09:00,novel,腐臭の褥,腐臭の褥：旧家の未亡人と穢された遺言 第2話「禁忌の響きと、抗えぬ因習の宣告」,,,,,1,0,2026-09-26
nc9599a115fe1,2026-08-20T23:00:59+09:00,taiwan,,台湾で、女性の人権をテーマにした国レベルの博物館を作ってほしいという声が上がってる,,,,,1,0,2026-09-26
n8ccba257027f,2026-08-20T22:22:46+09:00,novel,腐臭の褥,腐臭の褥：旧家の未亡人と穢された遺言 第1話「死臭と白百合、未亡人の不可解な遺言」,,,,,0,0,2026-09-26
nf75533bd1437,2026-08-20T22:22:17+09:00,taiwan,,台湾の12歳以下野球が、3連覇を目指して日本に0対3で負けた,,,,,1,0,2026-09-26
nbf71c8e1b271,2026-08-20T22:13:29+09:00,novel,放課後の生徒会室,放課後の生徒会室：美少女令嬢たちに飼育される新任教師 第10話（最終話）「永遠の放課後と完成された愛玩ペット」,,,,,1,0,2026-09-26
n0b2f704e8db9,2026-08-20T22:07:54+09:00,taiwan,,「台湾煙葉耕種時業改進社」っていう長い名前の日本時代の建物が、直り終わった,,,,,1,0,2026-09-26
n2fc7ea98aa50,2026-08-20T22:02:48+09:00,novel,放課後の生徒会室,放課後の生徒会室：美少女令嬢たちに飼育される新任教師 第9話「暴かれた前任の末路と甘美なる服従契約」,,,,,0,0,2026-09-26
n67cd1f9a88fc,2026-08-20T19:46:07+09:00,novel,放課後の生徒会室,放課後の生徒会室：美少女令嬢たちに飼育される新任教師 第8話「露天風呂の湯煙と終わらない夜這い合宿」,,,,,3,0,2026-09-26
n4e03ee1e3698,2026-08-20T18:00:35+09:00,novel,放課後の生徒会室,放課後の生徒会室：美少女令嬢たちに飼育される新任教師 第7話「理事長室のレザーソファと支配者の乱交」,,,,,3,0,2026-09-26
n4ae668ef14ca,2026-08-19T22:32:09+09:00,other,,『ショートスリーパーになりたくて、遠隔バイブで夜通し配信した私の末路』⑩,,,,,2,0,2026-09-26
n60ed7b00997a,2026-08-19T22:30:51+09:00,other,,凍窩,,,,,1,0,2026-09-26
ne842d14d740f,2026-08-19T22:02:11+09:00,novel,放課後の生徒会室,放課後の生徒会室：美少女令嬢たちに飼育される新任教師 第6話「閉架書庫の死角と息を殺すサイレント調教」,,,,,2,0,2026-09-26
n5c3ac6fe17e3,2026-08-19T21:34:02+09:00,novel,放課後の生徒会室,放課後の生徒会室：美少女令嬢たちに飼育される新任教師 第5話「夜のプール更衣室と濡れた競泳水着の逆夜這い」,,,,,0,0,2026-09-26
nb14a4cf16eff,2026-08-19T21:33:40+09:00,other,,台南で「鬼月」が始まって、怨霊の伝説をたどる街歩きツアーが企画された,,,,,0,0,2026-09-26
n0c05158fd57f,2026-08-19T20:47:26+09:00,other,,茨城県水戸市に、「台南通り」っていう名前の道ができた,,,,,2,0,2026-09-26
n4172f5062e94,2026-08-19T20:09:40+09:00,novel,放課後の生徒会室,放課後の生徒会室：美少女令嬢たちに飼育される新任教師 第4話「雨の体育倉庫と濡れ透け体操服の情交」,,,,,0,0,2026-09-26
n3fdf23c6c1a4,2026-08-19T17:56:50+09:00,novel,放課後の生徒会室,放課後の生徒会室：美少女令嬢たちに飼育される新任教師 第3話「理科準備室の秘薬と沈黙の実験」,,,,,2,0,2026-09-26
nf508372a11c8,2026-08-18T23:33:11+09:00,novel,放課後の生徒会室,放課後の生徒会室：美少女令嬢たちに飼育される新任教師 第2話「保健室のカーテンと背徳の身体検査」,,,,,1,0,2026-09-26
na6fc27e92839,2026-08-18T22:39:29+09:00,novel,生活侵食,生活侵食：胎動する硝子館 第10話（最終話）「黄金の律動、あるいは終焉の祝祭」,,,,,1,0,2026-09-26
n1b5efb6a884d,2026-08-18T21:51:15+09:00,taiwan,,日本統治時代に生きた台湾の彫刻家の人生が、台日合作で映画になる,,,,,1,0,2026-09-26
n1bcc77c5c25d,2026-08-18T21:32:45+09:00,novel,生活侵食,生活侵食：胎動する硝子館 第9話「記憶が回転し、肉体が機械へと昇華する瞬間」,,,,,0,0,2026-09-26
n6fa640347b7d,2026-08-18T20:27:09+09:00,other,,埼玉西武ライオンズの試合が「台南観光デー」になって、台南市長がマウンドに立った,,,,,0,0,2026-09-26
ndb71d9e52a13,2026-08-18T20:26:23+09:00,novel,生活侵食,生活侵食：胎動する硝子館 第8話「終焉の祝祭、あるいは胎動する神性」,,,,,0,0,2026-09-26
n3e621f39dca2,2026-08-18T19:19:13+09:00,novel,放課後の生徒会室,放課後の生徒会室：美少女令嬢たちに飼育される新任教師 第1話「放課後の密室と黒ストッキングの罠」,,,,,3,0,2026-09-26
n84283b214b23,2026-08-18T17:55:16+09:00,novel,生活侵食,生活侵食：胎動する硝子館 第7話「黄金の律動、真鍮の浸食による都市の昇華」,,,,,1,0,2026-09-26
n60f6a4ee0174,2026-08-17T22:27:10+09:00,other,,『ショートスリーパーになりたくて、遠隔バイブで夜通し配信した私の末路』⑨,,,,,1,0,2026-09-26
n8c5bb3a22498,2026-08-17T21:54:17+09:00,novel,生活侵食,生活侵食：胎動する硝子館 第6話「肉体を飲み込む、美しき侵食の儀式」,,,,,3,0,2026-09-26
nd332ee4f7b26,2026-08-17T21:52:08+09:00,other,,『ショートスリーパーになりたくて、遠隔バイブで夜通し配信した私の末路』⑧,,,,,1,0,2026-09-26
nd2067ce34251,2026-08-17T20:15:39+09:00,other,,『ショートスリーパーになりたくて、遠隔バイブで夜通し配信した私の末路』⑦,,,,,1,0,2026-09-26
nffa48f09b582,2026-08-17T20:08:35+09:00,taiwan,,台湾新幹線の新しい車両が、ついに高雄港に着いた,,,,,0,0,2026-09-26
nb74146713b4d,2026-08-17T20:08:06+09:00,novel,腐臭の褥,腐臭の褥：旧家の未亡人と穢された遺言 第4話「腐敗する肉体と、死を孕む受肉の儀式」,,,,,1,0,2026-09-26
n8ee245ac6a89,2026-08-17T20:07:42+09:00,other,,釉舌,,,,,1,0,2026-09-26
n0f92e0a84acc,2026-08-17T19:00:12+09:00,novel,生活侵食,生活侵食：胎動する硝子館 第5話「神聖なる統合、あるいは世界の再構成」,,,,,0,0,2026-09-26
n0f6affa0cad7,2026-08-17T18:46:29+09:00,taiwan,,シベリアに抑留された台湾人の元日本兵がいたことを、記録映画が伝えようとしてる,,,,,2,0,2026-09-26
n33cd87a2e8e1,2026-08-17T18:45:42+09:00,novel,生活侵食,生活侵食：胎動する硝子館 第4話「真鍮の脈動、崩壊する境界線」,,,,,1,0,2026-09-26
n529b9cea457a,2026-08-17T18:11:47+09:00,other,,『ショートスリーパーになりたくて、遠隔バイブで夜通し配信した私の末路』⑥,,,,,0,0,2026-09-26
na0fb114488a5,2026-08-17T18:04:39+09:00,novel,生活侵食,生活侵食：胎動する硝子館 第3話「黄金の脈動、あるいは変容の蜜」,,,,,1,0,2026-09-26
n28757b7bacc3,2026-08-17T18:01:56+09:00,other,,台北駅の商業エリアが、2年8カ月かけて丸ごと改装されることになった,,,,,0,0,2026-09-26
ndb6cc567a83e,2026-08-17T15:41:31+09:00,novel,生活侵食,生活侵食：胎動する硝子館 第2話「肉と機械が融け合う、禁断の律動」,,,,,1,0,2026-09-26
n42b1d3e3b170,2026-08-17T15:40:47+09:00,other,,TSMCとソニーが、29年をめどに画像センサーを一緒に作る,,,,,0,0,2026-09-26
ndaaa28c27b9d,2026-08-17T12:51:00+09:00,novel,生活侵食,生活侵食：胎動する硝子館 第1話「肉と真鍮の伽藍、あるいは侵食の始まり」,,,,,0,0,2026-09-26
nced8e7f01824,2026-08-17T12:48:30+09:00,taiwan,,もう絶滅した台湾のクジャクに、今になって新しい名前がついた,,,,,0,0,2026-09-26
n87a765f94b65,2026-08-16T21:02:18+09:00,other,,『ショートスリーパーになりたくて、遠隔バイブで夜通し配信した私の末路』⑤,,,,,1,0,2026-09-26
nf7c8c712bb64,2026-08-16T20:29:56+09:00,other,,台北のホテルが、外国の技術を持った人たち37人を正式に雇うことになった,,,,,0,0,2026-09-26
ncdffcd23c41e,2026-08-16T18:14:43+09:00,other,,『ショートスリーパーになりたくて、遠隔バイブで夜通し配信した私の末路』④,,,,,1,0,2026-09-26
n0fa62f7ebf7e,2026-08-16T17:12:31+09:00,taiwan,,千葉の豪雨で飛行機に乗れなかった人に、タイガーエア台湾が無料で対応してくれた,,,,,6,0,2026-09-26
n1047dc0fd8d0,2026-08-16T15:16:17+09:00,other,,屏東の人形が、パイワン族の衣装を着て茨城県に行くことになった,,,,,0,0,2026-09-26
na0a4b34b5e67,2026-08-16T12:53:46+09:00,taiwan,,台湾のブランド展が閉幕して、取引額が去年より22%増えて過去最高になってた,,,,,1,0,2026-09-26
n35b744ee9711,2026-08-16T11:24:06+09:00,other,,元東北楽天の永田颯太郎選手が、台鋼ホークスと2年半契約を結んで正式入団した,,,,,0,0,2026-09-26
nd57cc2aa3505,2026-08-15T23:34:51+09:00,other,,昇膜,,,,,1,0,2026-09-26
n318100c6794c,2026-08-15T20:51:42+09:00,other,,『ショートスリーパーになりたくて、遠隔バイブで夜通し配信した私の末路』③,,,,,2,0,2026-09-26
nbd74242988e8,2026-08-15T18:57:44+09:00,taiwan,,スウェーデンの合唱の世界大会で、台湾の6団体が金メダルを獲った,,,,,1,0,2026-09-26
na8951f93ab9b,2026-08-15T18:39:13+09:00,other,,『ショートスリーパーになりたくて、遠隔バイブで夜通し配信した私の末路』②,,,,,1,0,2026-09-26
nadbb385c7e42,2026-08-15T18:16:20+09:00,taiwan,,台湾南部のホテルが、漢服を着た昔ながらの結婚式を売りにし始めた,,,,,1,0,2026-09-26
n50f35d3385a6,2026-08-15T13:40:38+09:00,other,,高雄市が、福岡のうどんチェーンと組んで熊本の避難所にうどんを届けた,,,,,2,0,2026-09-26
n4ae0e369a72b,2026-08-14T23:03:26+09:00,taiwan,,ニューヨーク・ヤンキースが、球団史上初めて「台湾の日」を作った,,,,,4,0,2026-09-26
n8635f18f08c0,2026-08-14T18:11:10+09:00,taiwan,,アジア大会に向けた台湾野球代表が、岡山の社会人チームに快勝した,,,,,0,0,2026-09-26
nadd4c527a487,2026-08-13T20:13:15+09:00,other,,『ショートスリーパーになりたくて、遠隔バイブで夜通し配信した私の末路』,,,,,2,0,2026-09-26
n0b8def84a030,2026-08-12T22:46:28+09:00,other,,硝窓,,,,,1,0,2026-09-26
n25e93705148e,2026-08-12T22:45:59+09:00,other,,ラジコン飛行機が民家に突っ込んで、機体の半分が屋根に宙づりになってた,,,,,0,0,2026-09-26
n1b4105071e60,2026-08-12T21:16:27+09:00,other,,楽天モンキーズが、元DeNAの投手を2軍先発として迎えることになった,,,,,0,0,2026-09-26
nfc8f1519242b,2026-08-12T20:50:37+09:00,other,,機魄,,,,,0,0,2026-09-26
naceb15b91c9f,2026-08-12T19:28:58+09:00,other,,屏東県と愛媛県が、農業と観光と教育、まとめて協力することにした,,,,,1,0,2026-09-26
n28ae5d4c4e42,2026-08-11T21:31:40+09:00,other,,『亡き妻のAIと交わり続けた僕が、世界のおもちゃになるまで』　完,,,,,1,0,2026-09-26
n5ddd1f828984,2026-08-11T21:08:31+09:00,other,,『亡き妻のAIと交わり続けた僕が、世界のおもちゃになるまで』⑨,,,,,1,0,2026-09-26
n83226039e5fb,2026-08-11T20:34:56+09:00,other,,『亡き妻のAIと交わり続けた僕が、世界のおもちゃになるまで』⑧,,,,,1,0,2026-09-26
n5e4686e63241,2026-08-11T20:31:02+09:00,taiwan,,簡子傑選手が、また自分の台湾記録を更新して、今度は8分を切った,,,,,3,0,2026-09-26
n4a7523732abb,2026-08-11T19:56:35+09:00,other,,縫原,,,,,0,0,2026-09-26
n4f60f4434b3a,2026-08-11T18:48:53+09:00,taiwan,,台湾の父の日が8月8日な理由が、「88」の発音が「パパ」に似てるからだった,,,,,1,0,2026-09-26
nbeb2a1f0c7e5,2026-08-11T17:24:39+09:00,other,,『亡き妻のAIと交わり続けた僕が、世界のおもちゃになるまで』⑦,,,,,2,0,2026-09-26
ne4094c7856c3,2026-08-11T15:52:34+09:00,taiwan,,「葬送のフリーレン」が台湾語で喋り出したら、ファンの反応がすごくよかった,,,,,2,0,2026-09-26
nf5934e5c07a5,2026-08-10T22:49:03+09:00,other,,『亡き妻のAIと交わり続けた僕が、世界のおもちゃになるまで』⑥,,,,,2,0,2026-09-26
n33bc5ed9a25e,2026-08-10T22:48:30+09:00,taiwan,,台湾の劉人仁さんが、ドイツで研さんを積んで吹奏楽指揮の世界一になった,,,,,1,0,2026-09-26
n0ccd0547640d,2026-08-10T22:06:55+09:00,other,,輪匙,,,,,0,0,2026-09-26
na0237766d368,2026-08-10T22:05:57+09:00,other,,『亡き妻のAIと交わり続けた僕が、世界のおもちゃになるまで』⑤,,,,,1,0,2026-09-26
nf85ec41a75e0,2026-08-10T20:46:33+09:00,other,,鉄道の古い車両工場を直したら、親子で遊べるテーマパークになった,,,,,6,0,2026-09-26
n784241bb2159,2026-08-10T16:23:47+09:00,taiwan,,東京の台湾エキスポに3日間で2万2000人来て、256億円規模の商談が生まれた,,,,,1,0,2026-09-26
nd1c2e4ec3038,2026-08-09T22:36:04+09:00,other,,『亡き妻のAIと交わり続けた僕が、世界のおもちゃになるまで』④,,,,,2,0,2026-09-26
nb83ae52cac05,2026-08-09T22:33:44+09:00,other,,糖柩,,,,,0,0,2026-09-26
nbeaf1cd5d047,2026-08-09T19:50:33+09:00,other,,TSMCの熊本工場が全面復旧して、その上で2億5000万円を復興に寄付した,,,,,2,0,2026-09-26
nfb7d2e346efc,2026-08-09T17:10:56+09:00,taiwan,,台湾のブランド展に、人気アニメ映画のグッズが趣向を凝らして集結してる,,,,,1,0,2026-09-26
ne5a93bcca817,2026-08-09T13:54:28+09:00,taiwan,,台湾から熊本への義援金が、民間からだけで7億円を超えてる,,,,,3,0,2026-09-26
n524ccc71c0cc,2026-08-09T10:25:47+09:00,taiwan,,日本の監督が、台湾の俳優の演技を褒めてて、その作品がトロントに行く,,,,,3,0,2026-09-26
n93aad66fdd06,2026-08-08T23:15:04+09:00,taiwan,,台湾の畜産試験所が、15年かけて自分たちだけでチーズを作れるようになった,,,,,2,0,2026-09-26
n3b555068bfa8,2026-08-08T22:57:06+09:00,other,,『亡き妻のAIと交わり続けた僕が、世界のおもちゃになるまで』③,,,,,1,0,2026-09-26
n854d3503ef43,2026-08-08T21:32:00+09:00,other,,彰化の日本時代の倉庫が直って、105人の陶芸家の作品でいっぱいになった,,,,,1,0,2026-09-26
nfa2736f46484,2026-08-08T21:25:01+09:00,other,,瑠胎,,,,,0,0,2026-09-26
nbc3e4ca979b2,2026-08-08T17:35:38+09:00,other,,チャイナエアラインのピカチュウ飛行機が、今度は京成スカイライナーの車体になった,,,,,1,0,2026-09-26
n785c6b299e9c,2026-08-08T16:26:34+09:00,other,,高雄市とむつ市が、お互いの街に来てもらうためのキャンペーンを始めた,,,,,2,0,2026-09-26
n47d6246f9467,2026-08-08T15:21:25+09:00,taiwan,,台湾の慈善団体が、熊本にテントをまた200張り追加で送ってる,,,,,2,0,2026-09-26
n4dc8dc19c844,2026-08-08T10:22:29+09:00,other,,昔の台南刑務所の木造建築が、8月から展示スペースとして使われ始めた,,,,,0,0,2026-09-26
n11a22a3a8e9d,2026-08-07T22:24:18+09:00,other,,待孔,,,,,1,0,2026-09-26
nd24edad82cfc,2026-08-07T19:02:35+09:00,other,,静岡の沼津市長が台南に来て、観光と農産品の協力を話し合ってた,,,,,2,0,2026-09-26
na03562c37635,2026-08-07T18:07:55+09:00,taiwan,,台湾オペラセンターの看板が掲げられて、文化部長が拠点化に期待してる,,,,,3,0,2026-09-26
nb6b60510ed80,2026-08-06T21:42:54+09:00,other,,『亡き妻のAIと交わり続けた僕が、世界のおもちゃになるまで』②,,,,,2,0,2026-09-26
nafd89206252b,2026-08-06T20:48:28+09:00,other,,綴殻,,,,,2,0,2026-09-26
nffafacf2dbf6,2026-08-06T20:34:17+09:00,other,,台北メトロの新しい車両が公開されたけど、走り出すのは来年の5月から,,,,,0,0,2026-09-26
n4394b75ba8d8,2026-08-05T21:40:43+09:00,taiwan,,台湾新幹線が、開業してから一番大きなダイヤ改正をすることになった,,,,,2,0,2026-09-26
n0d7c5adf72bb,2026-08-05T21:25:33+09:00,other,,『亡き妻のAIと交わり続けた僕が、世界のおもちゃになるまで』①,,,,,3,0,2026-09-26
nc183a8ea0e80,2026-08-05T20:30:22+09:00,taiwan,,今週の台湾は、熊本を思う気持ちと、世界で結果を出す力が同時に動いてた,,,,,5,0,2026-09-26
ncdca62154f39,2026-08-05T20:29:05+09:00,other,,玻眠,,,,,1,0,2026-09-26
nacf26bd8db9c,2026-08-04T19:42:46+09:00,taiwan,,台湾のネット書店のランキング上位10位のうち、半分が東野圭吾さんの本だった,,,,,8,0,2026-09-26
nddbb7dbae054,2026-08-03T23:18:44+09:00,other,,秤花,,,,,0,0,2026-09-26
nb7cb5945f044,2026-08-03T22:06:44+09:00,other,,桃園市が保護したカメやモモンガの里親を、犬猫と同じように募集してる,,,,,0,0,2026-09-26
n09e303641ad6,2026-08-03T20:42:56+09:00,taiwan,,シラヤ族が、台湾で17番目の原住民族として正式に認められた,,,,,0,0,2026-09-26
n2792da2f0118,2026-08-03T19:13:47+09:00,other,,いとこ同士の野球選手がいて、片方が引退したことにもう片方が驚いてた,,,,,0,0,2026-09-26
na9c37aadc488,2026-08-02T22:34:40+09:00,other,,泡室,,,,,1,0,2026-09-26
n7753a875394d,2026-08-02T22:25:01+09:00,taiwan,,台湾の食品8製品が、イギリスのコンテストで最高評価の三つ星をもらった,,,,,1,0,2026-09-26
n7dca8857afb9,2026-08-02T20:20:19+09:00,taiwan,,熊本の地震に、台湾の外交部も、鉄道会社も、コンビニも、みんな動いてる,,,,,2,0,2026-09-26
nbbcee54ff75b,2026-08-02T18:30:23+09:00,other,,熊本で地震があって、頼総統と蕭副総統がそれぞれ約100万円を寄付した,,,,,1,0,2026-09-26
n65618d2b195a,2026-08-02T17:52:22+09:00,taiwan,,台湾原住民タイヤル族の合唱団が、東京で開かれた合唱コンクールの頂点に立った,,,,,1,0,2026-09-26
ncd72c8cd58e6,2026-08-01T22:02:02+09:00,other,,鈴巣,,,,,2,0,2026-09-26
n9e143d3b13c9,2026-08-01T20:53:00+09:00,taiwan,,台湾新幹線の新しい車両「N700ST」が、日本の工場から旅立った,,,,,1,0,2026-09-26
n806892a495fc,2026-08-01T20:03:45+09:00,other,,蜜函,,,,,0,0,2026-09-26
ne2396351fb73,2026-08-01T19:05:24+09:00,taiwan,,タイガースの李灝宇が、8試合連続で安打を打って台湾人記録を更新した,,,,,1,0,2026-09-26
nc29fbf8678b1,2026-08-01T12:39:24+09:00,other,,イーサン・ルアンと堤真一さんが一緒に出た台日合作映画が、ベネチアに行く,,,,,0,0,2026-09-26
n9f42e8d1f031,2026-08-01T10:45:27+09:00,other,,台中の小学校が中心の野球チームが、東京の大会の決勝で日本に8対1で勝った,,,,,0,0,2026-09-26
nb92c8f7df319,2026-07-31T22:54:04+09:00,other,,戦争で亡くなった日本人の遺骨を探す調査が、屏東で50年ぶりに始まった,,,,,0,0,2026-09-26
nec655dd37e1a,2026-07-31T21:51:56+09:00,other,,雨乞,,,,,1,0,2026-09-26
nf31b19bef16f,2026-07-31T17:59:56+09:00,taiwan,,日本の卓球リーグが海外で初めて試合をやったら、台湾で観客動員新記録が出た,,,,,0,0,2026-09-26
n945eadee7d63,2026-07-30T21:09:53+09:00,other,,台北の漫画イベントに3日間で41万人が来て、乱太郎の作者もトークショーをしてた,,,,,0,0,2026-09-26
n03cd64f4c1d3,2026-07-30T19:53:08+09:00,taiwan,,台湾のバドミントン選手が、7年待ってやっと同じ格の大会で優勝した,,,,,1,0,2026-09-26
n9800f88a1551,2026-07-29T22:52:15+09:00,other,,サニタリー・ディストピア -防衛という名の狂宴-　終章,,,,,1,0,2026-09-26
nc364c0419f9c,2026-07-29T22:50:16+09:00,other,,香骨,,,,,3,0,2026-09-26
n02fe610e0dc4,2026-07-29T21:52:52+09:00,other,,日本時代の木造建築を直したら、無印良品と組んで農産品を売る場所になった,,,,,3,0,2026-09-26
n8acf43ec7cd4,2026-07-29T21:38:56+09:00,taiwan,,レシートを取っておくだけで、5000万円が当たる仕組みが台湾にある,,,,,0,0,2026-09-26
n69825df06915,2026-07-28T20:57:32+09:00,other,,浮舟の影,,,,,1,0,2026-09-26
nb21d3de3aa7e,2026-07-28T19:36:06+09:00,taiwan,,台湾と日本で一緒に作ってきたテレビ人形劇が、10年経って東京で展覧会を開いてる,,,,,5,0,2026-09-26
n02ee20e2981d,2026-07-27T22:49:46+09:00,other,,サニタリー・ディストピア -防衛という名の狂宴-⑨,,,,,0,0,2026-09-26
n7aaeaf94e837,2026-07-27T22:27:45+09:00,other,,守りのない通路,,,,,2,0,2026-09-26
nc3d29910a044,2026-07-27T21:49:39+09:00,taiwan,,台湾高鉄が、お金の世界の信用度でもずっとトップを保ってる,,,,,0,0,2026-09-26
nf734457d3f66,2026-07-26T23:01:30+09:00,other,,桃眠,,,,,0,0,2026-09-26
ne7895975a4fa,2026-07-26T20:33:01+09:00,other,,「環影製作」っていう会社が、科学を映像の芸術にする仕事をしてる,,,,,3,0,2026-09-26
n6b5ce5516955,2026-07-26T19:14:36+09:00,other,,台北から宜蘭まで28分。11年後に、そんな高速鉄道ができることになった,,,,,0,0,2026-09-26
nc5b47b567550,2026-07-26T16:41:26+09:00,other,,台北映画祭の新人監督コンペに、日本の作品も一緒に並んでる,,,,,1,0,2026-09-26
n698e091c0e7e,2026-07-26T15:37:08+09:00,other,,台北駅の高速鉄道ホームに、混雑をほぐすための新しい通路ができた,,,,,1,0,2026-09-26
nbf1ccaf81544,2026-07-26T12:23:06+09:00,taiwan,,台湾の観光署が、日本のナビタイムアプリとデータで手を組んだ,,,,,1,0,2026-09-26
na6905e8c247d,2026-07-25T21:44:04+09:00,taiwan,,台湾の国家青年交響楽団が、8月に福岡で合宿しながら公演する,,,,,0,0,2026-09-26
n5a4592c08d72,2026-07-25T20:58:18+09:00,other,,星断,,,,,0,0,2026-09-26
ncb1492d12f39,2026-07-25T18:38:21+09:00,other,,台中と那覇が新しい路線で繋がって、台日路線は週170便を超えた,,,,,0,0,2026-09-26
na20b11b7e0d1,2026-07-25T17:42:49+09:00,other,,阿里山鉄道の駅長は2歳の秋田犬で、今日は副総統と握手ならぬ対面をした,,,,,1,0,2026-09-26
n55d6edb66d9f,2026-07-24T22:22:24+09:00,other,,新北市が新しいドームの建設地を決めて、そこを「第4の都心」にするつもりでいる,,,,,0,0,2026-09-26
n9648ea298dd5,2026-07-24T18:01:36+09:00,other,,燈胃,,,,,2,0,2026-09-26
n683970d112d8,2026-07-24T16:51:45+09:00,taiwan,,台湾ミシュランで、新竹と台南が今年初めて星付きレストランを持った,,,,,0,0,2026-09-26
n6694ca9569dd,2026-07-24T14:59:23+09:00,other,,「あふれるかもしれない」って書いたせき止め湖から、水が流れ出したけど大きな被害はなかった,,,,,0,0,2026-09-26
n0aa57c9bf544,2026-07-23T22:35:56+09:00,other,,天窓胎室,,,,,0,0,2026-09-26
n0ac4d293836b,2026-07-23T22:21:01+09:00,other,,サニタリー・ディストピア -防衛という名の狂宴-⑧,,,,,0,0,2026-09-26
n1a26c800db16,2026-07-23T20:56:16+09:00,taiwan,,台湾新幹線こと高速鉄道が、来年から値上げするかもしれない,,,,,1,0,2026-09-26
nd1fde584e83a,2026-07-23T19:32:14+09:00,other,,「澪膜」,,,,,1,0,2026-09-26
n72310f2ab27b,2026-07-23T16:52:39+09:00,other,,今年90歳になる建物2つが、職人の手のひらサイズのミニチュアになった,,,,,0,0,2026-09-26
n58732c903d7d,2026-07-23T15:10:46+09:00,other,,雲林の特産品が、東京の展示会で1億元以上の注文を取ってきた,,,,,0,0,2026-09-26
nb5f3d4baa8cf,2026-07-22T23:08:59+09:00,taiwan,,台湾人の日本旅行が、大都市から地方へ、忙しい旅からゆっくりな旅に変わってきてる,,,,,3,0,2026-09-26
n1b9a811c00c2,2026-07-22T21:43:26+09:00,taiwan,,58年前に自分が撮った映画の台湾語吹き替えを、監督本人が見て褒めてた,,,,,2,0,2026-09-26
n77798edf0ee7,2026-07-22T21:20:50+09:00,taiwan,,台湾人の海外旅行先、去年もやっぱり日本が1位で、しかも地方都市が増えてる,,,,,2,0,2026-09-26
nf4291d7829c2,2026-07-21T21:07:01+09:00,taiwan,,1968年の沖縄の映画が、台湾語吹き替えで蘇った,,,,,1,0,2026-09-26
n8ce1c5c0762a,2026-07-21T19:55:18+09:00,other,,屏東の小学校の民謡隊が、沖縄のフェスティバルに呼ばれた,,,,,0,0,2026-09-26
n160865cd4069,2026-07-20T22:30:31+09:00,other,,サニタリー・ディストピア -防衛という名の狂宴-⑦,,,,,0,0,2026-09-26
n5a4bcc5463d1,2026-07-20T19:40:51+09:00,other,,高雄駅の地下に、アニメとゲームだけの街ができた,,,,,5,0,2026-09-26
n6cbcb5efbb63,2026-07-20T16:48:18+09:00,taiwan,,今週の台湾は、積み上げてきたものが試される瞬間がいくつもあった,,,,,0,0,2026-09-26
n9c874141370a,2026-07-20T14:07:10+09:00,taiwan,,消えたはずの台湾語の音声が、AIの力で58年ぶりによみがえった,,,,,3,0,2026-09-26
n6c6593dcecf9,2026-07-19T23:06:42+09:00,other,,サニタリー・ディストピア -防衛という名の狂宴-⑥,,,,,0,0,2026-09-26
n5821829dd733,2026-07-19T22:22:09+09:00,other,,サニタリー・ディストピア -防衛という名の狂宴-⑤,,,,,1,0,2026-09-26
n259dea3fb8a2,2026-07-19T21:54:54+09:00,taiwan,,東京の展示会で、台湾企業が「中国製部品ゼロ」のドローンをアピールしてた,,,,,1,0,2026-09-26
n9bafa5870df1,2026-07-19T20:22:53+09:00,taiwan,,台湾東部の山奥にできた「せき止め湖」が、あふれそうになってる,,,,,1,0,2026-09-26
n30d038f26fd4,2026-07-19T16:40:07+09:00,other,,高雄で9月に、ミルクティーだけがテーマのイベントが開かれる,,,,,1,0,2026-09-26
n87cba3168c59,2026-07-18T22:36:48+09:00,other,,サニタリー・ディストピア -防衛という名の狂宴-④,,,,,0,0,2026-09-26
n82e9849bc1a0,2026-07-18T21:25:22+09:00,other,,サニタリー・ディストピア -防衛という名の狂宴-③,,,,,1,0,2026-09-26
n988bcaffe444,2026-07-18T20:41:07+09:00,other,,モデルのリン・チーリンさんが、文化団体の役員になることになった,,,,,1,0,2026-09-26
nc8dd55cda358,2026-07-18T18:31:51+09:00,other,,台北映画祭で、ドキュメンタリーが最高賞を持っていった,,,,,4,0,2026-09-26
nf808be26bbdb,2026-07-18T16:39:32+09:00,taiwan,,台湾ミシュランの「安くて美味い店リスト」に、また13軒増えた,,,,,3,0,2026-09-26
na71182aa8cf5,2026-07-18T14:01:36+09:00,other,,花蓮の小さな町と、北海道の湖のある町が、友好都市になった,,,,,3,0,2026-09-26
naab5eba7b7a9,2026-07-17T22:22:42+09:00,taiwan,,東京の展示会に154社も台湾企業が来てて、100%台湾製のドローンまであった,,,,,0,0,2026-09-26
n13871f947239,2026-07-17T22:15:50+09:00,other,,サニタリー・ディストピア -防衛という名の狂宴-②,,,,,1,0,2026-09-26
nc61630f4c01d,2026-07-17T12:04:12+09:00,other,,台中市の合同結婚式が、今年は沖縄行きの飛行機の中で行われることになった,,,,,1,0,2026-09-26
n13f02fe03116,2026-07-16T22:21:53+09:00,other,,台南のマンゴーが、山口県の小学校の給食に出てた,,,,,1,0,2026-09-26
na10b427d0c50,2026-07-16T20:28:46+09:00,other,,サニタリー・ディストピア -防衛という名の狂宴ー,,,,,1,0,2026-09-26
ne55627964058,2026-07-16T19:57:15+09:00,other,,台北の動物園で、ケープペンギンが1カ月半で6羽もふ化した,,,,,0,0,2026-09-26
n236637246019,2026-07-16T12:47:12+09:00,taiwan,,「日本語を忘れた」って言ってた投手が、アジア大会の台湾代表に選ばれた,,,,,0,0,2026-09-26
na6bd2e0559f2,2026-07-15T22:45:00+09:00,other,,台北―岡山線が就航10年で、桃太郎が描かれた飛行機が飛ぶようになった,,,,,1,0,2026-09-26
n1d0b5c469673,2026-07-15T22:09:46+09:00,other,,花蓮の湖に、サウザンドサニー号の巨大バルーンが浮かんでる,,,,,2,0,2026-09-26
n6a84a925011a,2026-07-15T19:56:24+09:00,other,,大学とテレビ局が一緒に作った科学番組が、科学普及の新しい記録になった,,,,,1,0,2026-09-26
n003a05e02aea,2026-07-15T16:42:11+09:00,taiwan,,台湾の大学が、人の形をしたロボットについて世界中の研究者と話し合ってた,,,,,0,0,2026-09-26
ndd40fee08861,2026-07-14T22:34:04+09:00,other,,『霊妙なる剥製（はくせい）』終章,,,,,0,0,2026-09-26
n4b69c468972f,2026-07-14T21:41:25+09:00,other,,『霊妙なる剥製（はくせい）』⑲,,,,,1,0,2026-09-26
n46f36ea00272,2026-07-14T21:17:15+09:00,other,,『霊妙なる剥製（はくせい）』⑱,,,,,1,0,2026-09-26
n3d3e2e5090f3,2026-07-14T19:24:35+09:00,other,,『霊妙なる剥製（はくせい）』⑰,,,,,0,0,2026-09-26
ndd4a9d920c66,2026-07-14T18:33:01+09:00,other,,『霊妙なる剥製（はくせい）』⑯,,,,,2,0,2026-09-26
n67b323f969dd,2026-07-14T16:44:33+09:00,other,,宜蘭県の副知事みたいな人が、自分で東京まで来て「宜蘭厳選」を売り込んでた,,,,,0,0,2026-09-26
n8b777bbcdfb9,2026-07-14T14:53:20+09:00,other,,雲林県の山奥で作られたコーヒー豆に、世界のバイヤーが注目してる,,,,,1,0,2026-09-26
n50dfa56d002d,2026-07-14T13:55:40+09:00,taiwan,,台湾のブレイキンの新星が、金融グループから支援を受けてアジア大会を目指してる,,,,,0,0,2026-09-26
n5fbe9df0a22d,2026-07-14T11:23:52+09:00,other,,1年かけて造った船に目を描いて、来年には燃やす。そういう祭りが屏東にある,,,,,1,0,2026-09-26
n156578d82feb,2026-07-13T22:31:50+09:00,other,,『霊妙なる剥製（はくせい）』⑮,,,,,0,0,2026-09-26
n27c16ef5c905,2026-07-13T21:58:20+09:00,other,,『霊妙なる剥製（はくせい）』⑭,,,,,1,0,2026-09-26
n731cf7068c50,2026-07-13T21:50:59+09:00,other,,台北芸術大学の学生たちが、大阪でコンテンポラリーダンスを踊りに行く,,,,,3,0,2026-09-26
ncbf215715eb0,2026-07-13T21:42:08+09:00,other,,『霊妙なる剥製（はくせい）』⑬,,,,,2,0,2026-09-26
n38bac28058d1,2026-07-13T20:38:58+09:00,other,,『霊妙なる剥製（はくせい）』⑫,,,,,3,0,2026-09-26
n1aae91582fbc,2026-07-13T20:24:02+09:00,other,,『霊妙なる剥製（はくせい）』⑪,,,,,0,0,2026-09-26
nac37feb80142,2026-07-13T19:38:53+09:00,other,,『霊妙なる剥製（はくせい）』⑩,,,,,1,0,2026-09-26
nef9805e19e8e,2026-07-13T18:55:36+09:00,other,,『霊妙なる剥製（はくせい）』⑨,,,,,5,0,2026-09-26
naa5e5935b192,2026-07-12T22:54:00+09:00,other,,『霊妙なる剥製（はくせい）』⑧,,,,,2,2,2026-09-26
n9709b4697d58,2026-07-12T22:17:52+09:00,other,,『霊妙なる剥製（はくせい）』⑦,,,,,1,0,2026-09-26
n85b60dade9f7,2026-07-12T21:59:16+09:00,other,,『霊妙なる剥製（はくせい）』⑥,,,,,0,0,2026-09-26
n9f7cd97e967b,2026-07-12T20:44:47+09:00,taiwan,,今週の台湾は、動物園からロケットまで、日本とずっと繋がってた,,,,,1,0,2026-09-26
ned319ba0cd0a,2026-07-12T20:28:04+09:00,other,,『霊妙なる剥製（はくせい）』⑤,,,,,0,0,2026-09-26
n178917f736ca,2026-07-12T19:44:40+09:00,taiwan,,台湾と日本が東京で、レアメタルの話し合いをしてた,,,,,0,0,2026-09-26
ndb04faf29ece,2026-07-12T19:18:40+09:00,other,,『霊妙なる剥製（はくせい）』④,,,,,1,0,2026-09-26
n6ef3eddc5352,2026-07-12T18:57:32+09:00,other,,『霊妙なる剥製（はくせい）』③,,,,,2,0,2026-09-26
n69054ac03e41,2026-07-12T16:22:06+09:00,other,,故宮博物院の北の分館に、今年もう100万人が来た,,,,,2,0,2026-09-26
n1ebd646db063,2026-07-12T15:02:17+09:00,other,,セクシーロボットの飛行機が、今日ついに成田に降りる,,,,,0,0,2026-09-26
n40b6f06cc923,2026-07-12T14:34:37+09:00,taiwan,,台湾の子供たちの合唱団4組が、ブダペストの国際合唱祭で軒並み最高評価だった,,,,,1,0,2026-09-26
n1e4a85c4f50f,2026-07-12T13:01:51+09:00,taiwan,,28カ月連続だった台湾の人口減少が、いつのまにか30カ月になってた,,,,,1,0,2026-09-26
ne508dff070e7,2026-07-12T11:48:08+09:00,taiwan,,台湾の俳優が新作映画でチベット僧侶になって、日本語とチベット語両方に挑戦してる,,,,,1,0,2026-09-26
n9669167160a5,2026-07-12T10:11:19+09:00,taiwan,,台湾の指人形劇が、早稲田大学の博物館に来てる,,,,,5,0,2026-09-26
n23a9014a55f4,2026-07-11T22:36:57+09:00,other,,セクシーロボットの飛行機を、航空会社の会長が自分で操縦して日本に飛ばす,,,,,0,0,2026-09-26
n40b9e85b31c9,2026-07-11T21:09:18+09:00,other,,『霊妙なる剥製（はくせい）』②,,,,,2,0,2026-09-26
n79fa5cc0cb34,2026-07-11T20:36:23+09:00,other,,台南に「日光街」って場所ができてて、名前の由来がそのまま栃木県の日光市だった,,,,,1,0,2026-09-26
n0cbc349c165c,2026-07-11T19:02:20+09:00,other,,『霊妙なる剥製（はくせい）』,,,,,3,0,2026-09-26
n47b2b40cdcd9,2026-07-11T18:13:57+09:00,taiwan,,戦争が続いてても、台湾がウクライナの若者にプログラミングを教え続けてる,,,,,3,0,2026-09-26
nd08f20fab91b,2026-07-10T20:20:42+09:00,other,,新しいメトロの開業を祝うのに、花火とドローンショーで5万人が来た,,,,,2,0,2026-09-26
nc593c338e1f5,2026-07-09T22:38:03+09:00,other,,漁港で溺れた男性を、自分で泳いでいく救命浮き輪が助けた,,,,,1,0,2026-09-26
nc0ca36d69692,2026-07-09T21:13:06+09:00,other,,北海道の旭山動物園から、レッサーパンダの「茜茜」が台北の動物園に来た,,,,,1,0,2026-09-26
n5fcbdb556e2f,2026-07-09T21:04:57+09:00,other,,​『処刑特区のアーキテクト ――全員クズの冤罪構築ビジネスと古代の拷問遊戯』　終章,,,,,1,0,2026-09-26
n2d68fcd76d4d,2026-07-09T20:59:28+09:00,other,,​『処刑特区のアーキテクト ――全員クズの冤罪構築ビジネスと古代の拷問遊戯』⑲,,,,,0,0,2026-09-26
n3c42783afeed,2026-07-09T20:32:51+09:00,other,,「文化体験だから無料です」って言い張ったバイクタクシーが、行政に「それ違法」って言われた,,,,,1,0,2026-09-26
nd05372c50cf2,2026-07-08T22:50:14+09:00,other,,総統が「自分は犬派だ」って公式に言ってて、それがペット産業支援のニュースになってた,,,,,1,0,2026-09-26
n1b0b53132d76,2026-07-08T22:49:57+09:00,other,,『処刑特区のアーキテクト ――全員クズの冤罪構築ビジネスと古代の拷問遊戯』⑱,,,,,0,0,2026-09-26
n318b2d144c58,2026-07-08T22:32:58+09:00,other,,95歳のおばあちゃんが、役所で日本語を使ってボランティアを続けてる,,,,,0,0,2026-09-26
nb77ff49cc958,2026-07-08T22:16:23+09:00,other,,​『処刑特区のアーキテクト ――全員クズの冤罪構築ビジネスと古代の拷問遊戯』⑰,,,,,0,0,2026-09-26
nc650c2d38738,2026-07-08T21:39:15+09:00,other,,​『処刑特区のアーキテクト ――全員クズの冤罪構築ビジネスと古代の拷問遊戯』⑯,,,,,0,0,2026-09-26
n7cceac82f4ee,2026-07-08T20:35:37+09:00,taiwan,,高校から日本に留学した台湾人選手が、北海道で自己記録を塗り替えた,,,,,1,0,2026-09-26
n9dda63c4b40f,2026-07-08T20:01:44+09:00,other,,​『処刑特区のアーキテクト ――全員クズの冤罪構築ビジネスと古代の拷問遊戯』⑮,,,,,1,0,2026-09-26
na5c22101b137,2026-07-07T22:45:21+09:00,other,,​『処刑特区のアーキテクト ――全員クズの冤罪構築ビジネスと古代の拷問遊戯』⑭,,,,,2,0,2026-09-26
n8da88d73fdac,2026-07-07T22:24:37+09:00,other,,​『処刑特区のアーキテクト ――全員クズの冤罪構築ビジネスと古代の拷問遊戯』⑬,,,,,3,0,2026-09-26
nc563a41c2680,2026-07-07T21:46:04+09:00,other,,高校生がバスに置き忘れたぬいぐるみを、運転手が縫って直して返した,,,,,2,0,2026-09-26
n469f03ee6578,2026-07-07T21:45:05+09:00,other,,​『処刑特区のアーキテクト ――全員クズの冤罪構築ビジネスと古代の拷問遊戯』⑫,,,,,1,0,2026-09-26
n07ea7d51ccff,2026-07-07T20:10:58+09:00,other,,​『処刑特区のアーキテクト ――全員クズの冤罪構築ビジネスと古代の拷問遊戯』⑪,,,,,1,0,2026-09-26
nd1ab16b48c13,2026-07-07T18:19:31+09:00,other,,山を走る鉄道の音を、オーケストラが台北で演奏してた,,,,,2,0,2026-09-26
n7961a6eb6231,2026-07-07T17:47:42+09:00,other,,​『処刑特区のアーキテクト ――全員クズの冤罪構築ビジネスと古代の拷問遊戯』⑩,,,,,4,0,2026-09-26
ne8f02e4a30ee,2026-07-07T16:47:51+09:00,taiwan,,日本球界にいた選手が、台湾でサヨナラ打を打って猛打賞まで取った,,,,,0,0,2026-09-26
n06dde535b2fa,2026-07-06T22:19:02+09:00,other,,コンビニで買える絵本が、嘉義の山に住む生き物を教えてくれる,,,,,1,0,2026-09-26
n08051940b2ab,2026-07-06T21:55:15+09:00,other,,​『処刑特区のアーキテクト ――全員クズの冤罪構築ビジネスと古代の拷問遊戯』⑨,,,,,2,0,2026-09-26
n1e9935360ef2,2026-07-06T20:43:39+09:00,taiwan,,ニューヨークにも、香港にも、宇宙にも、今週は台湾がいた,,,,,4,0,2026-09-26
nd36c36474aa4,2026-07-06T20:33:06+09:00,other,,​『処刑特区のアーキテクト ――全員クズの冤罪構築ビジネスと古代の拷問遊戯』⑧,,,,,1,0,2026-09-26
n2559d97cf73d,2026-07-06T18:53:47+09:00,other,,​『処刑特区のアーキテクト ――全員クズの冤罪構築ビジネスと古代の拷問遊戯』⑦,,,,,0,0,2026-09-26
n4d65f74412c8,2026-07-06T17:39:06+09:00,taiwan,,ガラスという壊れやすい素材を通して、台湾と日本のアーティストが向き合っていた,,,,,0,0,2026-09-26
n9a6848814bf0,2026-07-05T22:15:58+09:00,other,,​『処刑特区のアーキテクト ――全員クズの冤罪構築ビジネスと古代の拷問遊戯』⑥,,,,,0,0,2026-09-26
n1024be68fcf1,2026-07-05T21:02:06+09:00,other,,「セクシーロボット」で有名な日本人アーティストの絵が、飛行機の外側全部を覆ってる,,,,,0,0,2026-09-26
n86275373049f,2026-07-05T19:20:47+09:00,taiwan,,カルフールという名前が台湾から消えて、「万家福」になった,,,,,1,0,2026-09-26
n567fa2e5b01e,2026-07-05T19:05:07+09:00,other,,​『処刑特区のアーキテクト ――全員クズの冤罪構築ビジネスと古代の拷問遊戯』⑤,,,,,1,0,2026-09-26
n16e655fc1981,2026-07-05T17:32:42+09:00,other,,​『処刑特区のアーキテクト ――全員クズの冤罪構築ビジネスと古代の拷問遊戯』④,,,,,2,0,2026-09-26
n4c23d597828f,2026-07-05T16:28:10+09:00,taiwan,,台湾の先住民が、フィリピンのイベントで文化継承の話をしに行った,,,,,0,0,2026-09-26
n071bb48745d8,2026-07-05T13:51:18+09:00,other,,「初めて自分たちで総統を選んだ年」をテーマにしたコンサートが8月にある,,,,,0,0,2026-09-26
nf3b0297af0e1,2026-07-05T10:17:53+09:00,other,,予約なしで、1日4回、40分だけ自然を覗ける仕組みがタロコにできた,,,,,0,0,2026-09-26
n48288bdf47ef,2026-07-05T09:27:04+09:00,other,,​『処刑特区のアーキテクト ――全員クズの冤罪構築ビジネスと古代の拷問遊戯』③,,,,,0,0,2026-09-26
n4beb15b3f991,2026-07-05T09:26:22+09:00,other,,​『処刑特区のアーキテクト ――全員クズの冤罪構築ビジネスと古代の拷問遊戯』②,,,,,1,0,2026-09-26
ncb8910aecf62,2026-07-04T21:12:45+09:00,taiwan,,台湾が今年、930万人に来てほしいと目標を立てた,,,,,17,0,2026-09-26
n33be30ffcb8e,2026-07-04T19:17:20+09:00,taiwan,,日本球界にいた選手が、台湾のドラフト会議で名前を呼ばれた,,,,,2,0,2026-09-26
nfbae66b32407,2026-07-04T19:08:17+09:00,other,,『処刑特区のアーキテクト ――全員クズの冤罪構築ビジネスと古代の拷問遊戯』①,,,,,0,0,2026-09-26
n9057eede0ec5,2026-07-04T18:23:35+09:00,taiwan,,「台湾の作品が世界で読まれるように」と、総統が翻訳チームを作ると言った,,,,,2,0,2026-09-26
n9065b43f257e,2026-07-04T16:48:45+09:00,other,,3万5000匹いた外来種のカエルが、5年間の駆除で30匹まで減った,,,,,0,0,2026-09-26
nbb181ddae9c7,2026-07-03T22:54:15+09:00,taiwan,,香港が主催した指揮者コンクールの表彰台を、台湾人が独占した,,,,,1,0,2026-09-26
ndb83f9cb80d8,2026-07-03T20:46:16+09:00,other,,git push origin hell：肉と鉄のデプロイメント　⑩,,,,,1,0,2026-09-26
n38f0aca724fb,2026-07-03T20:13:01+09:00,other,,git push origin hell：肉と鉄のデプロイメント　⑨,,,,,2,0,2026-09-26
ne0b1a467b434,2026-07-03T19:49:29+09:00,other,,海外のクレジットカードをそのままタッチして、台北メトロに乗れるようになった,,,,,4,0,2026-09-26
n5b0cb9a964f7,2026-07-02T23:16:23+09:00,other,,git push origin hell：肉と鉄のデプロイメント　⑧,,,,,2,0,2026-09-26
nb0d6260ae907,2026-07-02T22:50:42+09:00,other,,git push origin hell：肉と鉄のデプロイメント　⑦,,,,,0,0,2026-09-26
n78fbc94b0387,2026-07-02T22:49:26+09:00,taiwan,,台北の温泉で親切にしてくれた台湾人の若者を探していたら、人気俳優だった,,,,,1,0,2026-09-26
n7c5366f06327,2026-07-02T22:08:21+09:00,other,,git push origin hell：肉と鉄のデプロイメント　⑥,,,,,2,0,2026-09-26
n56d7f8f47499,2026-07-02T20:11:02+09:00,other,,git push origin hell：肉と鉄のデプロイメント　⑤,,,,,1,0,2026-09-26
nd0bb416d747a,2026-07-02T19:30:40.000+09:00,other,,git push origin hell：肉と鉄のデプロイメント　④,,,,,3,0,2026-09-26
n907bad7b4eef,2026-07-02T18:38:54.000+09:00,other,,git push origin hell：肉と鉄のデプロイメント　③,,,,,1,0,2026-09-26
nac46e5f7e532,2026-07-02T14:52:42.000+09:00,taiwan,,キノコ岩で有名な台湾の地質公園が、夜だけ光るイベントをやっている,,,,,0,0,2026-09-26
nadd9733f645a,2026-05-18T20:07:14.000+09:00,zukan,神話キャラクタ侵食図鑑,神話キャラクタ侵食図鑑｜ハデス｜NAO,,,,,1,0,2026-09-26
n62f75d6473a7,2026-05-15T19:06:33.000+09:00,zukan,神話キャラクタ侵食図鑑,神話キャラクタ侵食図鑑｜ディオニュソス｜NAO,,,,,1,0,2026-09-26
n3b8e954bf7c6,2026-05-14T20:29:28.000+09:00,zukan,神話キャラクタ侵食図鑑,神話キャラクタ侵食図鑑｜オリュンポス12神——バイオメカニカル化計画、始動｜NAO,,,,,5,0,2026-09-26
nc23dbbf8098b,2026-05-13T21:39:22.000+09:00,zukan,神話キャラクタ侵食図鑑,myth × biomechanical｜《指向放電体》｜NAO,,,,,0,0,2026-09-26
n2e2320d2a018,2026-05-13T13:26:24.000+09:00,zukan,神話キャラクタ侵食図鑑,myth × biomechanical｜《多波解析眼》｜NAO,,,,,1,0,2026-09-26
n89bb5ab9a30c,2026-05-12T20:01:22.000+09:00,zukan,神話キャラクタ侵食図鑑,myth × biomechanical｜《素材換体顎》｜NAO,,,,,0,0,2026-09-26
n725e27c5ca43,2026-05-11T22:05:21.000+09:00,zukan,神話キャラクタ侵食図鑑,myth × biomechanical｜《衝撃記録牙》｜NAO,,,,,0,0,2026-09-26
n4428ba10e0c9,2026-05-10T22:41:09.000+09:00,zukan,神話キャラクタ侵食図鑑,myth × biomechanical｜《多性紡糸器》｜NAO,,,,,1,0,2026-09-26
nf30b3869b357,2026-05-10T15:27:52.000+09:00,zukan,神話キャラクタ侵食図鑑,myth × biomechanical｜生体合成テンプレート｜NAO,,,,,0,0,2026-09-26
n2e9644f12d03,2026-05-09T21:07:42.000+09:00,zukan,神話キャラクタ侵食図鑑,myth × biomechanical｜永続供給消費サイクル装置｜NAO,,,,,0,0,2026-09-26
n7924a1afdcd5,2026-05-09T10:44:24.000+09:00,zukan,神話キャラクタ侵食図鑑,myth × biomechanical｜適応型飛行制御システム｜NAO,,,,,0,0,2026-09-26
n28b966b70c49,2026-05-08T20:55:02.000+09:00,zukan,神話キャラクタ侵食図鑑,myth × biomechanical｜自己増殖型損傷応答機構｜NAO,,,,,3,0,2026-09-26
nb1dda398de52,2026-05-05T18:08:53.000+09:00,zukan,神話キャラクタ侵食図鑑,myth × biomechanical｜紛争誘発プログラム｜NAO,,,,,0,0,2026-09-26
nf524a40fe5c5,2026-05-03T19:54:18.000+09:00,zukan,神話キャラクタ侵食図鑑,myth × biomechanical｜長期冷却記憶保存装置｜NAO,,,,,1,0,2026-09-26
n2736d5bf5611,2026-04-30T16:27:02.000+09:00,zukan,神話キャラクタ侵食図鑑,myth × biomechanical｜自己犠牲記憶保存装置｜NAO,,,,,0,0,2026-09-26
n96654ff7a83c,2026-04-28T13:43:35.000+09:00,zukan,神話キャラクタ侵食図鑑,myth × biomechanical｜環境走査外皮アレイ｜NAO,,,,,0,0,2026-09-26
nefaf235be7fd,2026-04-25T18:57:32.000+09:00,zukan,神話キャラクタ侵食図鑑,myth × biomechanical｜自律並列推進機構｜NAO,,,,,0,0,2026-09-26
n49ce1642e403,2026-04-23T22:00:10.000+09:00,zukan,神話キャラクタ侵食図鑑,myth × biomechanical｜自律打撃選択機構｜NAO,,,,,0,0,2026-09-26
n306b82aef30f,2026-04-21T18:15:43.000+09:00,zukan,神話キャラクタ侵食図鑑,myth × biomechanical｜幹内信号変換端子｜NAO,,,,,1,0,2026-09-26
n00695b34b38f,2026-04-18T15:09:29.000+09:00,zukan,神話キャラクタ侵食図鑑,myth × biomechanical｜外皮データパージ機構｜NAO,,,,,0,0,2026-09-26
ne40a852e0363,2026-04-17T17:28:21.000+09:00,zukan,神話キャラクタ侵食図鑑,myth × biomechanical｜接触構造走査爪｜NAO,,,,,0,0,2026-09-26
n0af43d7a7eaa,2026-04-16T09:23:08.000+09:00,zukan,神話キャラクタ侵食図鑑,myth × biomechanical｜燃焼情報圧縮体｜NAO,,,,,1,0,2026-09-26
nf840564c785f,2026-04-16T09:05:22.000+09:00,zukan,神話キャラクタ侵食図鑑,myth × biomechanical｜破壊再生循環器｜ミョルニル,,,,,0,0,2026-09-26
nf166f4a5b7eb,2026-04-15T22:38:35.000+09:00,zukan,神話キャラクタ侵食図鑑,myth × biomechanical｜過剰秩序解体機｜NAO,,,,,1,0,2026-09-26
n041bf894af1b,2026-04-13T18:32:07.000+09:00,zukan,神話キャラクタ侵食図鑑,myth × biomechanical｜地下巡回整備船｜NAO,,,,,1,0,2026-09-26
n4137f08932a1,2026-04-10T11:19:19.000+09:00,zukan,神話キャラクタ侵食図鑑,myth × biomechanical｜単回起動秤｜NAO,,,,,0,0,2026-09-26
n7515bccfe8b7,2026-04-07T20:28:40.000+09:00,zukan,神話キャラクタ侵食図鑑,myth × biomechanical｜四系統出力体｜NAO,,,,,0,0,2026-09-26
ne27fcd24ce6b,2026-04-06T10:51:22.000+09:00,zukan,神話キャラクタ侵食図鑑,myth × biomechanical｜切断接続環｜NAO,,,,,1,0,2026-09-26
n2d2ff5db9446,2026-04-05T19:42:34.000+09:00,zukan,神話キャラクタ侵食図鑑,myth × biomechanical｜並列消化腕｜NAO,,,,,0,0,2026-09-26
nbaa50669ed9d,2026-04-04T08:08:10.000+09:00,zukan,神話キャラクタ侵食図鑑,myth × biomechanical｜ケルベロスの三首｜NAO,,,,,1,0,2026-09-26
n7e61f4a0b2c0,2026-04-01T18:42:18.000+09:00,zukan,神話キャラクタ侵食図鑑,myth × biomechanical｜双液分泌体｜NAO,,,,,1,0,2026-09-26
nbea6a6b86ba3,2026-03-31T19:57:59.000+09:00,zukan,神話キャラクタ侵食図鑑,myth × biomechanical｜生体培養函,,,,,0,0,2026-09-26
nb1fc5a04e164,2026-03-31T10:09:29.000+09:00,zukan,神話キャラクタ侵食図鑑,myth × biomechanical｜体内溶鉱炉,,,,,1,0,2026-09-26
n6eccddbe4800,2026-03-31T08:51:34.000+09:00,zukan,神話キャラクタ侵食図鑑,myth × biomechanical｜石化放射体,,,,,0,0,2026-09-26
n4ef3e54b0f4e,2026-03-30T16:08:30.000+09:00,zukan,神話キャラクタ侵食図鑑,myth × biomechanical｜永続咀嚼,,,,,0,0,2026-09-26
nb943078c5694,2026-03-29T19:14:17.000+09:00,zukan,神話キャラクタ侵食図鑑,myth × biomechanical｜死骸航行体,,,,,0,0,2026-09-26
n0aebec2d8851,2026-03-29T10:25:36.000+09:00,zukan,神話キャラクタ侵食図鑑,myth × biomechanical｜踏砕復讐足,,,,,1,0,2026-09-26
n4c3630368a0e,2026-03-28T15:35:20.000+09:00,zukan,神話キャラクタ侵食図鑑,myth × biomechanical｜宿主循環呪,,,,,2,0,2026-09-26
na944a7c2a3ef,2026-03-28T15:01:22.000+09:00,zukan,神話キャラクタ侵食図鑑,フレースヴェルグの翼（myth×biomechanical）,,,,,0,0,2026-09-26
nd7aedc091550,2026-03-28T12:23:09.000+09:00,zukan,神話キャラクタ侵食図鑑,フィロデンドロン・セローム｜葉脈配線体（Plant×biomechanical）,,,,,1,0,2026-09-26
n9a5661d12268,2026-03-25T12:26:02.000+09:00,zukan,神話キャラクタ侵食図鑑,整臓琴｜オルフェウスの竪琴（myth×biomechanical）,,,,,1,0,2026-09-26
n26d7736bde45,2026-03-24T21:49:56.000+09:00,zukan,神話キャラクタ侵食図鑑,神経網葉｜フィットニア（Plant×biomechanical）,,,,,1,0,2026-09-26
nbc03ed7bf326,2026-03-24T19:29:10.000+09:00,zukan,神話キャラクタ侵食図鑑,獅肺残衣｜ヘラクレスの獅子皮（myth×biomechanical）,,,,,1,0,2026-09-26
nf08436d0afbc,2026-03-23T17:26:39.000+09:00,zukan,神話キャラクタ侵食図鑑,視鉱胞眼｜メドゥーサの目（myth×biomechanical）,,,,,3,0,2026-09-26
ne2dc9e427ced,2026-03-23T10:47:11.000+09:00,zukan,神話キャラクタ侵食図鑑,生活侵食｜Monstera deliciosa（“空隙を持つ葉” / Plant×biomechanical）,,,,,1,0,2026-09-26
nf58d1651abd9,2026-03-21T21:16:02.000+09:00,zukan,神話キャラクタ侵食図鑑,生活侵食｜Calathea lancifolia（“脈動する配線葉” / Plant×biomechanical）,,,,,1,0,2026-09-26
n74fe14036406,2026-03-21T13:45:06.000+09:00,zukan,神話キャラクタ侵食図鑑,神縫裂腱｜アキレス腱（myth×biomechanical）,,,,,0,0,2026-09-26
nf52f3910cf34,2026-03-19T11:29:42.000+09:00,zukan,神話キャラクタ侵食図鑑,採葉神経樹｜ユグドラシル（myth×biomechanical）,,,,,1,0,2026-09-26
n31b9ecd255bb,2026-03-17T11:47:17.000+09:00,zukan,神話キャラクタ侵食図鑑,静脈配線｜アンスリウム・クリスタリナム（Plant×biomechanical）,,,,,3,0,2026-09-26
n0d077d5bdb68,2026-03-11T21:49:32.000+09:00,zukan,神話キャラクタ侵食図鑑,補修饗宴｜ヴァルハラ（myth×biomechanical）,,,,,3,0,2026-09-26
n375a5539895d,2026-03-11T17:47:39.000+09:00,zukan,神話キャラクタ侵食図鑑,待機する葉列｜ザミオクルカス（Plant×biomechanical）,,,,,2,0,2026-09-26
naa4002d0faa5,2026-03-09T19:08:08.000+09:00,zukan,神話キャラクタ侵食図鑑,噛み締め鎖｜ロキの鎖（myth×biomechanical）,,,,,1,0,2026-09-26
n59cc7bf67399,2026-03-08T22:48:31.000+09:00,other,,生活侵食｜サンスベリア（“沈黙する信号塔” / plants×machine）,,,,,2,0,2026-09-26
nb4054b787398,2026-03-04T20:37:17.000+09:00,other,,グングニル：必中の槍じゃない、“因果を抜く器官”だ（domestic×mutation）,,,,,2,0,2026-09-26
